-- MySQL dump 10.13  Distrib 8.0.43, for Linux (x86_64)
--
-- Host: localhost    Database: quimex_db
-- ------------------------------------------------------
-- Server version	8.0.43-0ubuntu0.24.04.1

/*!40101 SET @OLD_CHARACTER_SET_CLIENT=@@CHARACTER_SET_CLIENT */;
/*!40101 SET @OLD_CHARACTER_SET_RESULTS=@@CHARACTER_SET_RESULTS */;
/*!40101 SET @OLD_COLLATION_CONNECTION=@@COLLATION_CONNECTION */;
/*!50503 SET NAMES utf8mb4 */;
/*!40103 SET @OLD_TIME_ZONE=@@TIME_ZONE */;
/*!40103 SET TIME_ZONE='+00:00' */;
/*!40014 SET @OLD_UNIQUE_CHECKS=@@UNIQUE_CHECKS, UNIQUE_CHECKS=0 */;
/*!40014 SET @OLD_FOREIGN_KEY_CHECKS=@@FOREIGN_KEY_CHECKS, FOREIGN_KEY_CHECKS=0 */;
/*!40101 SET @OLD_SQL_MODE=@@SQL_MODE, SQL_MODE='NO_AUTO_VALUE_ON_ZERO' */;
/*!40111 SET @OLD_SQL_NOTES=@@SQL_NOTES, SQL_NOTES=0 */;

--
-- Table structure for table `alembic_version`
--

DROP TABLE IF EXISTS `alembic_version`;
/*!40101 SET @saved_cs_client     = @@character_set_client */;
/*!50503 SET character_set_client = utf8mb4 */;
CREATE TABLE `alembic_version` (
  `version_num` varchar(32) COLLATE utf8mb4_unicode_ci NOT NULL,
  PRIMARY KEY (`version_num`)
) ENGINE=InnoDB DEFAULT CHARSET=utf8mb4 COLLATE=utf8mb4_unicode_ci;
/*!40101 SET character_set_client = @saved_cs_client */;

--
-- Dumping data for table `alembic_version`
--

LOCK TABLES `alembic_version` WRITE;
/*!40000 ALTER TABLE `alembic_version` DISABLE KEYS */;
INSERT INTO `alembic_version` VALUES ('9b4fdb62a315');
/*!40000 ALTER TABLE `alembic_version` ENABLE KEYS */;
UNLOCK TABLES;

--
-- Table structure for table `clientes`
--

DROP TABLE IF EXISTS `clientes`;
/*!40101 SET @saved_cs_client     = @@character_set_client */;
/*!50503 SET character_set_client = utf8mb4 */;
CREATE TABLE `clientes` (
  `id` int NOT NULL AUTO_INCREMENT,
  `nombre_razon_social` varchar(255) COLLATE utf8mb4_unicode_ci NOT NULL,
  `cuit` varchar(20) COLLATE utf8mb4_unicode_ci DEFAULT NULL,
  `direccion` varchar(255) COLLATE utf8mb4_unicode_ci DEFAULT NULL,
  `localidad` varchar(100) COLLATE utf8mb4_unicode_ci DEFAULT NULL,
  `provincia` varchar(100) COLLATE utf8mb4_unicode_ci DEFAULT NULL,
  `codigo_postal` varchar(20) COLLATE utf8mb4_unicode_ci DEFAULT NULL,
  `telefono` varchar(50) COLLATE utf8mb4_unicode_ci DEFAULT NULL,
  `email` varchar(100) COLLATE utf8mb4_unicode_ci DEFAULT NULL,
  `contacto_principal` varchar(150) COLLATE utf8mb4_unicode_ci DEFAULT NULL,
  `condicion_iva` varchar(50) COLLATE utf8mb4_unicode_ci DEFAULT NULL,
  `lista_precio_asignada` varchar(50) COLLATE utf8mb4_unicode_ci DEFAULT NULL,
  `observaciones` text COLLATE utf8mb4_unicode_ci,
  `fecha_alta` datetime DEFAULT NULL,
  `activo` tinyint(1) NOT NULL,
  PRIMARY KEY (`id`),
  UNIQUE KEY `ix_clientes_cuit` (`cuit`),
  KEY `ix_clientes_nombre_razon_social` (`nombre_razon_social`),
  KEY `ix_clientes_email` (`email`)
) ENGINE=InnoDB AUTO_INCREMENT=531 DEFAULT CHARSET=utf8mb4 COLLATE=utf8mb4_unicode_ci;
/*!40101 SET character_set_client = @saved_cs_client */;

--
-- Dumping data for table `clientes`
--

LOCK TABLES `clientes` WRITE;
/*!40000 ALTER TABLE `clientes` DISABLE KEYS */;
INSERT INTO `clientes` VALUES (1,'Juan Pérez 6','20-12345678-9','Calle Ficticia 12333','Ciudad Ejemplo','Provincia Ejemplo','1234','+54123456789','juan.perez@example.com','Juan Pérez','Responsable Inscripto','Lista A','Cliente preferencial','2025-04-23 16:51:57',1),(2,'asdasd','0','no registrada','qweqwe','','0','asd','','0',NULL,NULL,'','2025-04-23 17:48:03',0),(3,'lucas','2042195502695','calle falsa 123','tandil','buenos aires','7000','123456789','lucas.mazzoni@hotmail.com','987654321',NULL,NULL,'un kpoos','2025-04-23 17:53:14',1),(4,'pablito','222222','a','w','e','12','1212','','2',NULL,NULL,'3','2025-04-25 02:05:59',0),(5,'Mathias','234453453','Calle 12345','Chimbas','Buenos Aires','5300','2342343243','sdfsdds@sdfsdf.com','42442343',NULL,NULL,'','2025-04-29 20:45:02',0),(6,'luisito','23232322','la calle','disney','buenos aires','123','248564564456','aaaaaa@aaaaa.com','15151518',NULL,NULL,'','2025-04-30 00:59:27',1),(7,'sdad','2323','5e','we','we','743','2','we@wewe','5',NULL,NULL,'d','2025-04-30 01:15:10',1),(8,'qwe','66','h','e','e','56','6','w@2w','23',NULL,NULL,'','2025-04-30 01:26:39',1),(9,'cliente prueba','123456789876543','CALLE 34','argentina','buenos aires','123','123456789','mail@hotmail.com','2485151',NULL,NULL,'nada','2025-05-16 19:24:23',0),(10,'cliente prueba nuevo','1582989','nada','nada','nada','123','4565456','maolll@hotmail.com','45456456',NULL,NULL,'nada','2025-05-16 19:27:40',1),(11,'juan pablo segundo','123456','lugar 123','nose','tampoco','1234556','45854','asdas@hotmail.com','232323',NULL,NULL,'','2025-05-23 02:03:44',1),(12,'ararara','123','asd12','asd','asd','1212','1111','asd@asdasd','2321',NULL,NULL,'','2025-05-23 02:05:18',0),(13,'juansito','1221','adasd5','asdasd','sadsd','55','6','w@2','6',NULL,NULL,'','2025-05-23 02:09:23',1),(14,'nuevo cliente','5555','qwqw5','dds','ww','555','4556464','ww@2q','2323',NULL,NULL,'','2025-05-23 02:13:41',1),(15,'aaaaaaaaaaaaaaaaaa','9999','sad','asd','asd','23','asd','asd@asdw','23',NULL,NULL,'','2025-05-23 02:19:50',0),(16,'nuevo n uevo','5656','ww','ww','ww','2323','2323','w@2w','222',NULL,NULL,'','2025-05-23 02:28:56',1),(17,'PUERTA','1111111111','PUERTA','PUERTA','PUERTA','1111','1111111111','puerta@puerta.com','1111111111',NULL,NULL,'Cliente generico para usar en pedidos puerta','2025-06-11 13:34:30',1),(18,'PABLITO NUEVO','123456765432','JUAU','JAU','JAU','123','2222555','ASD@ASD','456',NULL,NULL,'','2025-06-13 19:52:42',1),(19,'dwadaw','22222212112122','dwad','dwadaws','dawdsasasd','5400','dwa','ticiaawdwadwanoat@dawdwadwad.com','0',NULL,NULL,'','2025-06-14 22:18:28',1),(20,'probando cliente','985951850','nada','nada','nada','123','123654','nad@hotmail.com','5',NULL,NULL,'','2025-08-14 00:32:16',1),(21,'GRACIELA DEFENSA',NULL,'CALLE 578 N 866','VARELA',NULL,NULL,'1167411424',NULL,NULL,NULL,NULL,NULL,'2025-08-21 23:44:53',1),(22,'ALANIS',NULL,'CALLE 2 E/ 114 A Y 115 NRO 1495','Berazategui','',NULL,'1135989903','','121221213',NULL,NULL,'','2025-08-21 23:44:53',1),(23,'ALCIRA LIMPIABELL',NULL,'Calle 461C esq. 17','City Bell',NULL,NULL,'2215232862',NULL,NULL,NULL,NULL,NULL,'2025-08-21 23:44:53',1),(24,'ALEJANDRA AGUIA',NULL,'139 N682 entre 6 y 7','Berazategui',NULL,NULL,'1141937506',NULL,NULL,NULL,NULL,NULL,'2025-08-21 23:44:53',1),(25,'ALEJANDRA C SUCRE',NULL,'Sucre 328','VARELA',NULL,NULL,'1169597112',NULL,NULL,NULL,NULL,NULL,'2025-08-21 23:44:53',1),(26,'ALEJANDRA C3',NULL,'calle 3 nro 2783 e/127 y 128','Berazategui',NULL,NULL,'1159396433',NULL,NULL,NULL,NULL,NULL,'2025-08-21 23:44:53',1),(27,'ALPHAQUIM',NULL,'AV HIPOLITO YRIGOYEN N 1955 E/ CHILE Y MARIO BRAVO','wilde',NULL,NULL,'1140870349',NULL,NULL,NULL,NULL,NULL,'2025-08-21 23:44:53',1),(28,'ANA DE LA 31',NULL,'31 N5904 entre 159 y 159 A','Berazategui',NULL,NULL,'1132018067',NULL,NULL,NULL,NULL,NULL,'2025-08-21 23:44:53',1),(29,'ANA FERNANDEZ',NULL,'CALLE 715 E/SANTA INES Y SAN PABLO NRO 2830','VARELA',NULL,NULL,'1157618818',NULL,NULL,NULL,NULL,NULL,'2025-08-21 23:44:53',1),(30,'ANAHI',NULL,'Andres Baranda esq Uruguay','Quilmes',NULL,NULL,'1136037259',NULL,NULL,NULL,NULL,NULL,'2025-08-21 23:44:53',1),(31,'ANDREA 129',NULL,'CALLE 129 A E/27 Y 28 NRO 2723','Berazategui',NULL,NULL,'1135157858',NULL,NULL,NULL,NULL,NULL,'2025-08-21 23:44:53',1),(32,'ANDREA LA BOCA',NULL,'LA BOCA 2202 e/moron y san telmo','VARELA',NULL,NULL,'1136563802',NULL,NULL,NULL,NULL,NULL,'2025-08-21 23:44:53',1),(33,'ANDREA RANELAGH',NULL,'368 B N1576 entre Rep Argentina y 316','Berazategui',NULL,NULL,'',NULL,NULL,NULL,NULL,NULL,'2025-08-21 23:44:53',1),(34,'ANGELA',NULL,'MARMOL 720','QUILMES',NULL,NULL,'1167838989',NULL,NULL,NULL,NULL,NULL,'2025-08-21 23:44:53',1),(35,'ARMANDO',NULL,'no registrada','',NULL,NULL,'11 3664-0259',NULL,NULL,NULL,NULL,NULL,'2025-08-21 23:44:53',1),(36,'BARACCA',NULL,'CALLE 459 NRO 1025 E/ 410 Y 411','Berazategui',NULL,NULL,'1150290086',NULL,NULL,NULL,NULL,NULL,'2025-08-21 23:44:53',1),(37,'BARREIRO ESTEBAN',NULL,'CALLE 1141 E/ 1124 Y 1126','VARELA',NULL,NULL,'11 6019-6501',NULL,NULL,NULL,NULL,NULL,'2025-08-21 23:44:53',1),(38,'BAZAR VARELA',NULL,'no registrada','VARELA',NULL,NULL,'1151249719',NULL,NULL,NULL,NULL,NULL,'2025-08-21 23:44:53',1),(39,'BETTY CALZADA',NULL,'El Jilguero 2351 entre Lopez Gamarra y Ceferino Ramirez','Rafael Calzada',NULL,NULL,'1162635668',NULL,NULL,NULL,NULL,NULL,'2025-08-21 23:44:53',1),(40,'BRUNO CITY BELL',NULL,'Calle 27 N538 entre 470 y 471','City Bell',NULL,NULL,'2216562867',NULL,NULL,NULL,NULL,NULL,'2025-08-21 23:44:53',1),(41,'BRUNO SOURIGUES',NULL,'CALLE PATAGONES ESQ TOURING CLUB','Berazategui',NULL,NULL,'1162048519',NULL,NULL,NULL,NULL,NULL,'2025-08-21 23:44:53',1),(42,'CARDENAL',NULL,'130 N621','Berazategui',NULL,NULL,'1135617048',NULL,NULL,NULL,NULL,NULL,'2025-08-21 23:44:53',1),(43,'CARLOS CASTRO',NULL,'Primera Junta N3056 entre Viamonte y Villegas','VARELA',NULL,NULL,'1161558521',NULL,NULL,NULL,NULL,NULL,'2025-08-21 23:44:53',1),(44,'CARLOS CRUCE',NULL,'Luis Braile 1292 entre Balcarce y Finochietto','VARELA',NULL,NULL,'1153331116',NULL,NULL,NULL,NULL,NULL,'2025-08-21 23:44:53',1),(45,'CARLOS RIO',NULL,'AV OTAMENDI ESQUINA 77 (A 6 CUADRAS DEL RIO)','Quilmes',NULL,NULL,'1131489096',NULL,NULL,NULL,NULL,NULL,'2025-08-21 23:44:53',1),(46,'CARMEN ZAPATA',NULL,'2 N4334 entre 143 y 144','Berazategui',NULL,NULL,'1153410410',NULL,NULL,NULL,NULL,NULL,'2025-08-21 23:44:53',1),(47,'CAROLINA C144',NULL,'144 N5621','Berazategui',NULL,NULL,'1138770569',NULL,NULL,NULL,NULL,NULL,'2025-08-21 23:44:53',1),(48,'CAROLINA EZPELETA',NULL,'Colombia N1402 esq Concordia','Ezpeleta',NULL,NULL,'1135585958',NULL,NULL,NULL,NULL,NULL,'2025-08-21 23:44:53',1),(49,'CAROLINA JIMENEZ',NULL,'CALLE 23 NRO 5449 E/ 159 Y 159 BIS','Berazategui',NULL,NULL,'1138872938',NULL,NULL,NULL,NULL,NULL,'2025-08-21 23:44:53',1),(50,'CAROLINA LUCERO',NULL,'Cesar Cantu N1564 entre Miguel Cane y Capdevilla','VARELA',NULL,NULL,'1156668620',NULL,NULL,NULL,NULL,NULL,'2025-08-21 23:44:53',1),(51,'CASQUERO',NULL,'CAMINO REAL NORTE NRO 991 E/ 409 Y 410','Berazategui',NULL,NULL,'1136845322',NULL,NULL,NULL,NULL,NULL,'2025-08-21 23:44:53',1),(52,'CASTAÑO FALUCHO',NULL,'FALUCHO N2823 entre Maipu y Ayacucho','VARELA',NULL,NULL,'1158029313',NULL,NULL,NULL,NULL,NULL,'2025-08-21 23:44:53',1),(53,'LUZ OJEDA TEVENET',NULL,'Tevenet N678 entre Bs As e Ituzaingó','VARELA',NULL,NULL,'1122997872',NULL,NULL,NULL,NULL,NULL,'2025-08-21 23:44:53',1),(54,'CECILIA OJEDA',NULL,'Av Lujan y Hudson M 3587','VARELA',NULL,NULL,'1140681575',NULL,NULL,NULL,NULL,NULL,'2025-08-21 23:44:53',1),(55,'CESAR MARMOLERIA',NULL,'no registrada','Quilmes',NULL,NULL,'1140483267',NULL,NULL,NULL,NULL,NULL,'2025-08-21 23:44:53',1),(56,'CLAUDIA SANTINELLI',NULL,'Lisandro de la Torre N5527 entre Cuba y Florida','Ezpeleta',NULL,NULL,'1157696224',NULL,NULL,NULL,NULL,NULL,'2025-08-21 23:44:53',1),(57,'CLAUDIA RIOS',NULL,'17 N2869 entre Vergara y 128','Berazategui',NULL,NULL,'1557572119',NULL,NULL,NULL,NULL,NULL,'2025-08-21 23:44:53',1),(58,'CLAUDIO SANABRIA',NULL,'CALLE 35 E/150 Y 151 N5071','Berazategui',NULL,NULL,'1526513752',NULL,NULL,NULL,NULL,NULL,'2025-08-21 23:44:53',1),(59,'CLEAREANCE',NULL,'no registrada','QUILMES',NULL,NULL,'1163967638',NULL,NULL,NULL,NULL,NULL,'2025-08-21 23:44:53',1),(60,'COLEGIO BERNARDINO RIVADAVIA',NULL,'142 y 11','Berazategui',NULL,NULL,'1156654341',NULL,NULL,NULL,NULL,NULL,'2025-08-21 23:44:53',1),(61,'COLO MANDALA',NULL,'CALLE 133 A NRO 4194','Berazategui',NULL,NULL,'1544158166',NULL,NULL,NULL,NULL,NULL,'2025-08-21 23:44:53',1),(62,'COMEDOR LUZ DEL ALMA',NULL,'DR RAMON CARRILLO N 4966 E/ COSTA RICA Y COSTA R. BIS','Ezpeleta',NULL,NULL,'1135141170',NULL,NULL,NULL,NULL,NULL,'2025-08-21 23:44:53',1),(63,'CRISTIAN AGUILAR',NULL,'CALLE 2 NRO 1495 E/ 114 A Y 115','Berazategui',NULL,NULL,'1139009938',NULL,NULL,NULL,NULL,NULL,'2025-08-21 23:44:53',1),(64,'CRISTIAN CAPUTO',NULL,'GRAL PAZ 2020','MONTEGRANDE',NULL,NULL,'1549289188',NULL,NULL,NULL,NULL,NULL,'2025-08-21 23:44:53',1),(65,'CRISTIAN LP',NULL,'no registrada','LA PLATA',NULL,NULL,'2213044467',NULL,NULL,NULL,NULL,NULL,'2025-08-21 23:44:53',1),(66,'CRISTINA',NULL,'RECONQUISTA 580 E/ ANDRADE Y FIERRO','BERNAL',NULL,NULL,'',NULL,NULL,NULL,NULL,NULL,'2025-08-21 23:44:53',1),(67,'CURCIO',NULL,'Larrea N3825 entre Bolivia y Smith','Quilmes',NULL,NULL,'1127018166',NULL,NULL,NULL,NULL,NULL,'2025-08-21 23:44:53',1),(68,'DANI 31',NULL,'CALLE 159 y 159 A','Berazategui',NULL,NULL,'1132018007',NULL,NULL,NULL,NULL,NULL,'2025-08-21 23:44:53',1),(69,'DANI SELIER',NULL,'CALLE MARMOL NRO 674 E/ DERQUI Y MONROE','QUILMES',NULL,NULL,'1557562153',NULL,NULL,NULL,NULL,NULL,'2025-08-21 23:44:53',1),(70,'DANIEL HUDSON',NULL,'50 N4741 entre 147 y 148','Berazategui',NULL,NULL,'1165155257',NULL,NULL,NULL,NULL,NULL,'2025-08-21 23:44:53',1),(71,'DAVID ARGAÑARAZ',NULL,'AV DARDO ROCHA 2319','Berazategui',NULL,NULL,'1567974900',NULL,NULL,NULL,NULL,NULL,'2025-08-21 23:44:53',1),(72,'DELIA GAETANI',NULL,'CALLE 152 N 3463','Berazategui',NULL,NULL,'',NULL,NULL,NULL,NULL,NULL,'2025-08-21 23:44:53',1),(73,'DELIA GENOFF',NULL,'143 N 2751','Berazategui',NULL,NULL,'1138314318',NULL,NULL,NULL,NULL,NULL,'2025-08-21 23:44:53',1),(74,'DIMACLOR',NULL,'no registrada','Rafael Calzada',NULL,NULL,'1130608396',NULL,NULL,NULL,NULL,NULL,'2025-08-21 23:44:53',1),(75,'DORYS',NULL,'CALLE 52 N2722 E/127 Y 128','Berazategui',NULL,NULL,'1164482722',NULL,NULL,NULL,NULL,NULL,'2025-08-21 23:44:53',1),(76,'EAT MARKET',NULL,'CAMINO CENTENARIO 2856','LA PLATA',NULL,NULL,'54 9 2215 08-8722',NULL,NULL,NULL,NULL,NULL,'2025-08-21 23:44:53',1),(77,'EDUARDO MILAZZO',NULL,'MILAZZO NRO 2384 E 366 Y 365 B','Berazategui',NULL,NULL,'1151506451',NULL,NULL,NULL,NULL,NULL,'2025-08-21 23:44:53',1),(78,'EDUARDO PAVON',NULL,'MEXICO 1445 E/ URQUIZA Y CONCORDIA','Ezpeleta',NULL,NULL,'1164161671',NULL,NULL,NULL,NULL,NULL,'2025-08-21 23:44:53',1),(79,'EDUARDO SOLANO',NULL,'JUAN DOMINGO PERON N 5036 E/850 Y 852','Solano',NULL,NULL,'1530302287',NULL,NULL,NULL,NULL,NULL,'2025-08-21 23:44:53',1),(80,'ELIZABETH',NULL,'San Luis N3874 entre 388 y 389','BERNAL',NULL,NULL,'1160000961',NULL,NULL,NULL,NULL,NULL,'2025-08-21 23:44:53',1),(81,'EMANUEL',NULL,'C314 N864','Berazategui',NULL,NULL,'',NULL,NULL,NULL,NULL,NULL,'2025-08-21 23:44:53',1),(82,'ESTELA SARACHO',NULL,'Cesar Cantu N1634 entre Miguel Cane y Capdevilla','VARELA',NULL,NULL,'1122563520',NULL,NULL,NULL,NULL,NULL,'2025-08-21 23:44:53',1),(83,'EZEQUIEL VILLALBA',NULL,'AV JORGE NOVAK NRO 1488 Y VICENTE CABELLO','VARELA',NULL,NULL,'1136857484',NULL,NULL,NULL,NULL,NULL,'2025-08-21 23:44:53',1),(84,'FABIAN LP',NULL,'122 esq 68','La Plata',NULL,NULL,'2215638939',NULL,NULL,NULL,NULL,NULL,'2025-08-21 23:44:53',1),(85,'FABIAN CREMONTE',NULL,'CALLE 134 N1523','Berazategui',NULL,NULL,'1135792977',NULL,NULL,NULL,NULL,NULL,'2025-08-21 23:44:53',1),(86,'FABIO ADONAI',NULL,'no registrada','LA PLATA',NULL,NULL,'2216076668',NULL,NULL,NULL,NULL,NULL,'2025-08-21 23:44:53',1),(87,'FEDERICO ADAM',NULL,'DERQUI 735','QUILMES',NULL,NULL,'1123951494',NULL,NULL,NULL,NULL,NULL,'2025-08-21 23:44:53',1),(88,'FERNANDEZ AMIGAZO',NULL,'PABLO PODESTA N1570 E/ CAPDEVILLA Y LUGONES','VARELA',NULL,NULL,'11 7028-3310',NULL,NULL,NULL,NULL,NULL,'2025-08-21 23:44:53',1),(89,'FREGONA',NULL,'no registrada','Berazategui',NULL,NULL,'1133877131',NULL,NULL,NULL,NULL,NULL,'2025-08-21 23:44:53',1),(90,'FRIGORIFICO ARIEL',NULL,'no registrada','Berazategui',NULL,NULL,'',NULL,NULL,NULL,NULL,NULL,'2025-08-21 23:44:53',1),(91,'GABRIEL PEJERREY',NULL,'no registrada','',NULL,NULL,'',NULL,NULL,NULL,NULL,NULL,'2025-08-21 23:44:53',1),(92,'GABRIELA MAMANI',NULL,'Calle 1438 N1398 Barrio Alpino','VARELA',NULL,NULL,'1168306445',NULL,NULL,NULL,NULL,NULL,'2025-08-21 23:44:53',1),(93,'GALLI',NULL,'SAN VICENTE 2001','VARELA',NULL,NULL,'1139548471',NULL,NULL,NULL,NULL,NULL,'2025-08-21 23:44:53',1),(94,'GARCIA TERMINAL',NULL,'TERMINAL MOQSA AV 14','Berazategui',NULL,NULL,'',NULL,NULL,NULL,NULL,NULL,'2025-08-21 23:44:53',1),(95,'GASTON LA PLATA AV 31',NULL,'AV 31 ENTRE 528 Y 529','LA PLATA',NULL,NULL,'2216810726',NULL,NULL,NULL,NULL,NULL,'2025-08-21 23:44:53',1),(96,'GERIATRICO LOS MIRASOLES',NULL,'Montevideo N33 esq Pringles','Don Bosco',NULL,NULL,'42518061',NULL,NULL,NULL,NULL,NULL,'2025-08-21 23:44:53',1),(97,'GISEL',NULL,'106 N2546 entre 253 y 25C','Berazategui',NULL,NULL,'1138680141',NULL,NULL,NULL,NULL,NULL,'2025-08-21 23:44:53',1),(98,'GLADIS COCA COLA',NULL,'CALLE 47 NRO 1895 E/ 118 A Y 119','Berazategui',NULL,NULL,'1168273044',NULL,NULL,NULL,NULL,NULL,'2025-08-21 23:44:53',1),(99,'GLORIA SCAGLIA',NULL,'CALLE 48 N 2660 E/ 126 Y 127','Berazategui',NULL,NULL,'1164485514',NULL,NULL,NULL,NULL,NULL,'2025-08-21 23:44:53',1),(100,'GONZALO LEIVA',NULL,'Av Iriarte','Quilmes',NULL,NULL,'+54 9 11 5108-2075',NULL,NULL,NULL,NULL,NULL,'2025-08-21 23:44:53',1),(101,'GRACIELA ADAM',NULL,'no registrada','QUILMES',NULL,NULL,'',NULL,NULL,NULL,NULL,NULL,'2025-08-21 23:44:53',1),(102,'GRACIELA BENAVENTE',NULL,'JACINTO BENAVENTE 193','VARELA',NULL,NULL,'1130076887',NULL,NULL,NULL,NULL,NULL,'2025-08-21 23:44:53',1),(103,'GRECO',NULL,'no registrada','QUILMES',NULL,NULL,'1151540285',NULL,NULL,NULL,NULL,NULL,'2025-08-21 23:44:53',1),(104,'GRISELDA c7',NULL,'CALLE 7 N 5569','Berazategui',NULL,NULL,'',NULL,NULL,NULL,NULL,NULL,'2025-08-21 23:44:53',1),(105,'GUILLERMO 10',NULL,'10 N2728','Berazategui',NULL,NULL,'1168019333',NULL,NULL,NULL,NULL,NULL,'2025-08-21 23:44:53',1),(106,'GUSTAVO (QUIMICA CURIE)',NULL,'Mitre N1715 entre 17 y 18','Berazategui',NULL,NULL,'1123539741',NULL,NULL,NULL,NULL,NULL,'2025-08-21 23:44:53',1),(107,'GUSTAVO SENA',NULL,'CALLE 106 N 411','Berazategui',NULL,NULL,'1126111650',NULL,NULL,NULL,NULL,NULL,'2025-08-21 23:44:53',1),(108,'HERNAN LP',NULL,'no registrada','LA PLATA',NULL,NULL,'2215450863',NULL,NULL,NULL,NULL,NULL,'2025-08-21 23:44:53',1),(109,'HORACIO LP',NULL,'CALLE 17 EX 74 ESQ 126','Berisso',NULL,NULL,'2215946073',NULL,NULL,NULL,NULL,NULL,'2025-08-21 23:44:53',1),(110,'INDHAL',NULL,'no registrada','Berazategui',NULL,NULL,'',NULL,NULL,NULL,NULL,NULL,'2025-08-21 23:44:53',1),(111,'INSTITUTO DE INVESTIGACIONES',NULL,'Sarmiento N315 entre Alberdi y Conesa','Quilmes',NULL,NULL,'60634883',NULL,NULL,NULL,NULL,NULL,'2025-08-21 23:44:53',1),(112,'IRMA BRANDAN',NULL,'163 N2510 E/ 25 Y 26 JUSTO ESQ. 25','Berazategui',NULL,NULL,'1565693193',NULL,NULL,NULL,NULL,NULL,'2025-08-21 23:44:53',1),(113,'IRWIN',NULL,'Diag 74 N2054 entre 15 y 16','La Plata',NULL,NULL,'2215410845',NULL,NULL,NULL,NULL,NULL,'2025-08-21 23:44:53',1),(114,'JARDIN LAS ARDILLITAS',NULL,'no registrada','VARELA',NULL,NULL,'42874728',NULL,NULL,NULL,NULL,NULL,'2025-08-21 23:44:53',1),(115,'JAVIER CAMPANELLA',NULL,'Cuenca N5285 entre Esquel y Carbonari','Ezpeleta',NULL,NULL,'1150484022',NULL,NULL,NULL,NULL,NULL,'2025-08-21 23:44:53',1),(116,'JESSICA FUNES',NULL,'25c N769 entre 107 y 108','Berazategui',NULL,NULL,'1141450971',NULL,NULL,NULL,NULL,NULL,'2025-08-21 23:44:53',1),(117,'JORGE ARAYA',NULL,'14 DE JULIO N1879 E/ ANATOLE FRANCE Y RUBEN DARIO','TEMPERLEY',NULL,NULL,'1162076941',NULL,NULL,NULL,NULL,NULL,'2025-08-21 23:44:53',1),(118,'JORGE PEJERREY',NULL,'no registrada','QUILMES',NULL,NULL,'',NULL,NULL,NULL,NULL,NULL,'2025-08-21 23:44:53',1),(119,'JOSE LUIS',NULL,'Calle 28 esq 112','Berazategui',NULL,NULL,'1569506723',NULL,NULL,NULL,NULL,NULL,'2025-08-21 23:44:53',1),(120,'JUAN 18',NULL,'Calle 18 nro 1637 e/ 116 y 116 A','Berazategui',NULL,NULL,'1150417927',NULL,NULL,NULL,NULL,NULL,'2025-08-21 23:44:53',1),(121,'JUAN ARAYA',NULL,'JOSE NEGLIA N 50 E/ EVA PERON Y LA CALANDRIA','TEMPERLEY',NULL,NULL,'1569492252',NULL,NULL,NULL,NULL,NULL,'2025-08-21 23:44:53',1),(122,'JUAN MIRAGE',NULL,'CALLE 142 A E/22 Y 23 n2258','Berazategui',NULL,NULL,'1568197760',NULL,NULL,NULL,NULL,NULL,'2025-08-21 23:44:53',1),(123,'JUAN TOMAINO',NULL,'CENTENARIO 4319','Ezpeleta',NULL,NULL,'1123030909',NULL,NULL,NULL,NULL,NULL,'2025-08-21 23:44:53',1),(124,'JUANA BRAVO',NULL,'O´Higgins N3186 entre Lafinur y 331 Bis','Quilmes',NULL,NULL,'42801937',NULL,NULL,NULL,NULL,NULL,'2025-08-21 23:44:53',1),(125,'LAURA CONCORDIA',NULL,'BAHIA BLANCA N4842 E/ECUADOR Y VENEZUELA','Ezpeleta',NULL,NULL,'1162866395',NULL,NULL,NULL,NULL,NULL,'2025-08-21 23:44:53',1),(126,'LAURA CORDOBA',NULL,'CALLE 413 A N855 E/458 Y 459','Berazategui',NULL,NULL,'1535792977',NULL,NULL,NULL,NULL,NULL,'2025-08-21 23:44:53',1),(127,'FELICE',NULL,'Crotti nro 663','Lanus',NULL,NULL,'1135487287',NULL,NULL,NULL,NULL,NULL,'2025-08-21 23:44:53',1),(128,'LEONARDO MENENDEZ',NULL,'no registrada','SAN MARTIN',NULL,NULL,'1168584665',NULL,NULL,NULL,NULL,NULL,'2025-08-21 23:44:53',1),(129,'LEONARDO VERONICA',NULL,'122 N2340 entre 23 y 24','Berazategui',NULL,NULL,'1161915690',NULL,NULL,NULL,NULL,NULL,'2025-08-21 23:44:53',1),(130,'LETICIA ENTRE 644 Y 643A',NULL,'Berna 2235','VARELA',NULL,NULL,'1136404992',NULL,NULL,NULL,NULL,NULL,'2025-08-21 23:44:53',1),(131,'LEZCANO',NULL,'CALLE 128 A ESQ 2','Berazategui',NULL,NULL,'1535924889',NULL,NULL,NULL,NULL,NULL,'2025-08-21 23:44:53',1),(132,'LIA CACERES',NULL,'no registrada','VARELA',NULL,NULL,'1127875870',NULL,NULL,NULL,NULL,NULL,'2025-08-21 23:44:53',1),(133,'LILIANA GOMEZ',NULL,'CALLE 53 NRO 6833 E/168 Y 169','Berazategui',NULL,NULL,'1167522605',NULL,NULL,NULL,NULL,NULL,'2025-08-21 23:44:53',1),(134,'LISA',NULL,'14 N2869 entre 128 y Vergara','Berazategui',NULL,NULL,'1168226931',NULL,NULL,NULL,NULL,NULL,'2025-08-21 23:44:53',1),(135,'LORENA CALLE MORANCHEL',NULL,'CALLE MORANCHEL 934','VARELA',NULL,NULL,'1123607850',NULL,NULL,NULL,NULL,NULL,'2025-08-21 23:44:53',1),(136,'LUCIANA',NULL,'DERQUI 919','VARELA',NULL,NULL,'1128794861',NULL,NULL,NULL,NULL,NULL,'2025-08-21 23:44:53',1),(137,'LUIS COCHERIA',NULL,'no registrada','Ezpeleta',NULL,NULL,'',NULL,NULL,NULL,NULL,NULL,'2025-08-21 23:44:53',1),(138,'LUIS MIGUEL',NULL,'CALLE 44 N 3752 E 137 Y 138','Berazategui',NULL,NULL,'1127358759',NULL,NULL,NULL,NULL,NULL,'2025-08-21 23:44:53',1),(139,'MAGALI SALERNO',NULL,'160 N2527 entre 25 y 26','Berazategui',NULL,NULL,'1140458522',NULL,NULL,NULL,NULL,NULL,'2025-08-21 23:44:53',1),(140,'MANSILLA',NULL,'CALLE 21A E/ 162 Y 163 NRO 6228','Berazategui',NULL,NULL,'1554105327',NULL,NULL,NULL,NULL,NULL,'2025-08-21 23:44:53',1),(141,'MARCELO ADAM',NULL,'DERQUI 735','QUILMES',NULL,NULL,'1168601906',NULL,NULL,NULL,NULL,NULL,'2025-08-21 23:44:53',1),(142,'MARCELO SANCHEZ',NULL,'CALLE 507 N2926 E/558 Y 560','VARELA',NULL,NULL,'1568895359',NULL,NULL,NULL,NULL,NULL,'2025-08-21 23:44:53',1),(143,'MARCELO MIRO',NULL,'CALLE 59 1435','LA PLATA',NULL,NULL,'2216138335',NULL,NULL,NULL,NULL,NULL,'2025-08-21 23:44:53',1),(144,'MARIA PAZ VEGA',NULL,'CALLE 33 N1762 E/AV 31 Y DIAGONAL 73','LA PLATA',NULL,NULL,'2214949579',NULL,NULL,NULL,NULL,NULL,'2025-08-21 23:44:53',1),(145,'MARIANO',NULL,'CALLE 150 NRO 4055 E/4O Y MILAZZO','Berazategui',NULL,NULL,'1140450475',NULL,NULL,NULL,NULL,NULL,'2025-08-21 23:44:53',1),(146,'MARICEL TREJO',NULL,'CALLE 1147 N1480','VARELA',NULL,NULL,'1168241002',NULL,NULL,NULL,NULL,NULL,'2025-08-21 23:44:53',1),(147,'MARIELA CALZADA',NULL,'San Juan 2010 entre Luis Piedra Buena e Hipolito Bouchard','Rafael Calzada',NULL,NULL,'1164442342',NULL,NULL,NULL,NULL,NULL,'2025-08-21 23:44:53',1),(148,'MARTA IVOR',NULL,'Catamarca N811 entre Larrea y Alvear','Quilmes',NULL,NULL,'1153363272',NULL,NULL,NULL,NULL,NULL,'2025-08-21 23:44:53',1),(149,'MARTÍN CARDOZO (ZAPHIRO)',NULL,'Bermejo esq. Gral Alvarez','Bernal',NULL,NULL,'1131919489',NULL,NULL,NULL,NULL,NULL,'2025-08-21 23:44:53',1),(150,'MARZIONI ALEJANDRO',NULL,'Magdalena N1030 entre Pichincha y Ayacucho','Monte Chingolo',NULL,NULL,'1135417059',NULL,NULL,NULL,NULL,NULL,'2025-08-21 23:44:53',1),(151,'MAURO C10',NULL,'10 N2145','Berazategui',NULL,NULL,'1544712639',NULL,NULL,NULL,NULL,NULL,'2025-08-21 23:44:53',1),(152,'MAURO L.P',NULL,'Av. 7 N2015 entre 73 y 74','La Plata',NULL,NULL,'2214573426',NULL,NULL,NULL,NULL,NULL,'2025-08-21 23:44:53',1),(153,'MAYO',NULL,'Arturo Ilia 2026 entre Rivadavia y alvarez','Don Bosco',NULL,NULL,'1167415683',NULL,NULL,NULL,NULL,NULL,'2025-08-21 23:44:53',1),(154,'MICAELA',NULL,'151 y 9','Berazategui',NULL,NULL,'1138425983',NULL,NULL,NULL,NULL,NULL,'2025-08-21 23:44:53',1),(155,'MICHURA',NULL,'no registrada','Quilmes',NULL,NULL,'1565961688',NULL,NULL,NULL,NULL,NULL,'2025-08-21 23:44:53',1),(156,'MIDOLO',NULL,'GRAL BALCARCE 1472 E/ CANADA Y CATAMARCA','Lanus Oeste',NULL,NULL,'1151327334',NULL,NULL,NULL,NULL,NULL,'2025-08-21 23:44:53',1),(157,'MIRIAM',NULL,'11 N1151 entre 111 y 112','Berazategui',NULL,NULL,'77336783',NULL,NULL,NULL,NULL,NULL,'2025-08-21 23:44:53',1),(158,'MIRIAM LEDEZMA',NULL,'BRAGADO 1059 E/ JEAN JAURE Y JOSE INGENIEROS','VARELA',NULL,NULL,'1123929578',NULL,NULL,NULL,NULL,NULL,'2025-08-21 23:44:53',1),(159,'NADIA',NULL,'24 N530','Berazategui',NULL,NULL,'11 5303-7486',NULL,NULL,NULL,NULL,NULL,'2025-08-21 23:44:53',1),(160,'NANCY 107',NULL,'107 N970 entre 9 y 10','Berazategui',NULL,NULL,'1157582598',NULL,NULL,NULL,NULL,NULL,'2025-08-21 23:44:53',1),(161,'NANCY 31',NULL,'31 N6170 entre 161 y 162','Berazategui',NULL,NULL,'1124001022',NULL,NULL,NULL,NULL,NULL,'2025-08-21 23:44:53',1),(162,'NANCY TUNEZ',NULL,'Tunez N73 entre Sgo del Estero y Peron','VARELA',NULL,NULL,'11 3607-7201',NULL,NULL,NULL,NULL,NULL,'2025-08-21 23:44:53',1),(163,'NATALIA MORENO',NULL,'CALLE 507 NRO 2105 E/ 542 Y 544','VARELA',NULL,NULL,'1126398392',NULL,NULL,NULL,NULL,NULL,'2025-08-21 23:44:53',1),(164,'NATALIA PEREZ',NULL,'CALLE 1438 N1510','VARELA',NULL,NULL,'1151516635',NULL,NULL,NULL,NULL,NULL,'2025-08-21 23:44:53',1),(165,'NICOLAS VILLANUEVA',NULL,'ACHA 3709 E/ GUTIERREZ Y AGOTE','Quilmes',NULL,NULL,'',NULL,NULL,NULL,NULL,NULL,'2025-08-21 23:44:53',1),(166,'NILDA',NULL,'157 A N6214','Berazategui',NULL,NULL,'1157316336',NULL,NULL,NULL,NULL,NULL,'2025-08-21 23:44:53',1),(167,'NOELIA',NULL,'montevideo 713 entre Falucho e Ituzaingo','Don Bosco',NULL,NULL,'1140912224',NULL,NULL,NULL,NULL,NULL,'2025-08-21 23:44:53',1),(168,'NORMA',NULL,'103 N361 entre 3 y 4','Berazategui',NULL,NULL,'',NULL,NULL,NULL,NULL,NULL,'2025-08-21 23:44:53',1),(169,'NORMA BIANCHINI',NULL,'CALLE 103 NRO 361 E/ 3 Y 4','Berazategui',NULL,NULL,'1152287020',NULL,NULL,NULL,NULL,NULL,'2025-08-21 23:44:53',1),(170,'OLIVARES 1',NULL,'14 Y ROCHA','Berazategui',NULL,NULL,'',NULL,NULL,NULL,NULL,NULL,'2025-08-21 23:44:53',1),(171,'ORIANA FLORES',NULL,'Calle 56A N3853','Berazategui',NULL,NULL,'1130541309',NULL,NULL,NULL,NULL,NULL,'2025-08-21 23:44:53',1),(172,'OSCAR MORALES',NULL,'DIAGONAL TOMAS ESPORA NRO 1264','VARELA',NULL,NULL,'1158578937',NULL,NULL,NULL,NULL,NULL,'2025-08-21 23:44:53',1),(173,'PAGNUTTI',NULL,'CALLE 6 EX 63 NRO 285 TIMBRE C E/122 Y 123','Berisso',NULL,NULL,'',NULL,NULL,NULL,NULL,NULL,'2025-08-21 23:44:53',1),(174,'PATRICIA VILLALBA',NULL,'LAPRIDA 1285 E/ BLAS PARERA Y VELEZ SARFIELD','QUILMES',NULL,NULL,'1140273871',NULL,NULL,NULL,NULL,NULL,'2025-08-21 23:44:53',1),(175,'PATRICIO',NULL,'no registrada','Berazategui',NULL,NULL,'',NULL,NULL,NULL,NULL,NULL,'2025-08-21 23:44:53',1),(176,'PATRICIO DE TIGRE',NULL,'no registrada','TIGRE',NULL,NULL,'1126989968',NULL,NULL,NULL,NULL,NULL,'2025-08-21 23:44:53',1),(177,'PAULA ADAM',NULL,'VTE. LOPEZ 195 ESQ. LA RIOJA','QUILMES',NULL,NULL,'1164022491',NULL,NULL,NULL,NULL,NULL,'2025-08-21 23:44:53',1),(178,'PAULA PLATANOS',NULL,'46 N6224 entre 162 y 163','Berazategui',NULL,NULL,'1166026279',NULL,NULL,NULL,NULL,NULL,'2025-08-21 23:44:53',1),(179,'PEJERREY CLUB',NULL,'Av Iriarte Y Cervantes','Quilmes',NULL,NULL,'1128297527',NULL,NULL,NULL,NULL,NULL,'2025-08-21 23:44:53',1),(180,'PERIBUBUY',NULL,'PERIBUBUY N 2895 E/ SANTA MARIA Y JUJUY','san justo',NULL,NULL,'1130469493',NULL,NULL,NULL,NULL,NULL,'2025-08-21 23:44:53',1),(181,'PERSONAL OLIVARES',NULL,'14 Y ROCHA','Berazategui',NULL,NULL,'',NULL,NULL,NULL,NULL,NULL,'2025-08-21 23:44:53',1),(182,'POCHI',NULL,'12 N5333 entre 153 y 154','Berazategui',NULL,NULL,'42564336',NULL,NULL,NULL,NULL,NULL,'2025-08-21 23:44:53',1),(183,'PROCOSO SRL',NULL,'no registrada','QUILMES',NULL,NULL,'1163779910',NULL,NULL,NULL,NULL,NULL,'2025-08-21 23:44:53',1),(184,'QCA COTTON',NULL,'CORONEL MENDEZ N1908 E/ BELGRANO Y CAMACUA','WILDE',NULL,NULL,'11 2402-2073',NULL,NULL,NULL,NULL,NULL,'2025-08-21 23:44:53',1),(185,'QUIMICA A GRANEL',NULL,'HERMANOS PINZON 1963','san justo',NULL,NULL,'1136315732',NULL,NULL,NULL,NULL,NULL,'2025-08-21 23:44:53',1),(186,'QUIMICA EL OSO',NULL,'lacaze 5716','solano',NULL,NULL,'1156574292',NULL,NULL,NULL,NULL,NULL,'2025-08-21 23:44:53',1),(187,'QUIMICA RINCONCITO',NULL,'139 N2559 entre 25 y 26','Berazategui',NULL,NULL,'1157727885',NULL,NULL,NULL,NULL,NULL,'2025-08-21 23:44:53',1),(188,'QUIMICA WERNLE',NULL,'Juan Cruz Varela N410 entre Sarmiento y Gral Paz','Quilmes',NULL,NULL,'1123925499',NULL,NULL,NULL,NULL,NULL,'2025-08-21 23:44:53',1),(189,'QUINTA LOPEZ',NULL,'no registrada','VARELA',NULL,NULL,'',NULL,NULL,NULL,NULL,NULL,'2025-08-21 23:44:53',1),(190,'QUITRALCOM MITRE',NULL,'1RA JUNTA Y MITRE JUSTO ESQUINA','QUILMES',NULL,NULL,'',NULL,NULL,NULL,NULL,NULL,'2025-08-21 23:44:53',1),(191,'QUITRALCOM TRIANGULO',NULL,'AV LOS QUILMES Y PILCOMAYO','BERNAL',NULL,NULL,'',NULL,NULL,NULL,NULL,NULL,'2025-08-21 23:44:53',1),(192,'JANOSOIL',NULL,'AV SAN MARTIN YB MONTEVERDE','VARELA',NULL,NULL,'1165360353',NULL,NULL,NULL,NULL,NULL,'2025-08-21 23:44:53',1),(193,'RAQUEL RANELAGH',NULL,'118 A ESQ 49 NRO 4897','Berazategui',NULL,NULL,'1151343677',NULL,NULL,NULL,NULL,NULL,'2025-08-21 23:44:53',1),(194,'RAUL PEJERREY',NULL,'no registrada','',NULL,NULL,'',NULL,NULL,NULL,NULL,NULL,'2025-08-21 23:44:53',1),(195,'RICARDO LP',NULL,'calle 80 e/18 y 19 nro 1174','La Plata',NULL,NULL,'2214358065',NULL,NULL,NULL,NULL,NULL,'2025-08-21 23:44:53',1),(196,'ROBERTO AGUIRRE',NULL,'CALLE 18 NRO 1079 E/ 110 Y 111','Berazategui',NULL,NULL,'1139288211',NULL,NULL,NULL,NULL,NULL,'2025-08-21 23:44:53',1),(197,'ROBERTO BARRIAS',NULL,'CALLE 1211 N 4243 E/ 1284 Y 1286','VARELA',NULL,NULL,'1161340843',NULL,NULL,NULL,NULL,NULL,'2025-08-21 23:44:53',1),(198,'RODOLFO BURBUJITA',NULL,'CALLE 877 Y 833','solano',NULL,NULL,'1135674438',NULL,NULL,NULL,NULL,NULL,'2025-08-21 23:44:53',1),(199,'RODRIGO LP',NULL,'CALLE 69 ENTRE 138 Y 139','LA PLATA',NULL,NULL,'2216908648',NULL,NULL,NULL,NULL,NULL,'2025-08-21 23:44:53',1),(200,'ROMINA RIVERO',NULL,'21 N1244','Berazategui',NULL,NULL,'1136202792',NULL,NULL,NULL,NULL,NULL,'2025-08-21 23:44:53',1),(201,'ROMINA RUTA 2 Y 21',NULL,'Av 21 y Ruta 2','Berazategui',NULL,NULL,'1165807325',NULL,NULL,NULL,NULL,NULL,'2025-08-21 23:44:53',1),(202,'ROSA ROMERO',NULL,'580 N971 entre 517 y 512','VARELA',NULL,NULL,'1151251443',NULL,NULL,NULL,NULL,NULL,'2025-08-21 23:44:53',1),(203,'SALVADOR',NULL,'135 N5766 entre 56A y 57','Berazategui',NULL,NULL,'1169066196',NULL,NULL,NULL,NULL,NULL,'2025-08-21 23:44:53',1),(204,'SAN PEDRO',NULL,'AV. PADRES MERCEDARIOS NRO 49 E/ AV PERON Y 301','Berazategui',NULL,NULL,'1157444376',NULL,NULL,NULL,NULL,NULL,'2025-08-21 23:44:53',1),(205,'SANDRA DE HUDSON',NULL,'CALLE 61 A N 5726','Berazategui',NULL,NULL,'1167034094',NULL,NULL,NULL,NULL,NULL,'2025-08-21 23:44:53',1),(206,'SANDRA DUARTE',NULL,'28 N6369 esq 164','Berazategui',NULL,NULL,'1139057250',NULL,NULL,NULL,NULL,NULL,'2025-08-21 23:44:53',1),(207,'SANTA MONICA',NULL,'Conesa entre Moreno y San Martin','Quilmes',NULL,NULL,'1141748741',NULL,NULL,NULL,NULL,NULL,'2025-08-21 23:44:53',1),(208,'SARA FALUCHO',NULL,'Falucho N2811 entre Maipu y Ayacucho','VARELA',NULL,NULL,'1134691524',NULL,NULL,NULL,NULL,NULL,'2025-08-21 23:44:53',1),(209,'SEBASTIAN C128',NULL,'CALLE 128 N2180','Berazategui',NULL,NULL,'1162990089',NULL,NULL,NULL,NULL,NULL,'2025-08-21 23:44:53',1),(210,'SILVIA ALFONSO',NULL,'calle 133 NRO 232 E/ 2 Y 3','Berazategui',NULL,NULL,'1159528056',NULL,NULL,NULL,NULL,NULL,'2025-08-21 23:44:53',1),(211,'SILVIA SOSA',NULL,'FELIPE AMOEDO NRO 1286 CASI BLAS PARERA','Quilmes',NULL,NULL,'1168601908',NULL,NULL,NULL,NULL,NULL,'2025-08-21 23:44:53',1),(212,'SONIA c143',NULL,'CALLE 133 E/18 Y 19 N1828','Berazategui',NULL,NULL,'1138314318',NULL,NULL,NULL,NULL,NULL,'2025-08-21 23:44:53',1),(213,'STELLA MARIS',NULL,'Mitre N1324 entre 13 y 14','Berazategui',NULL,NULL,'1556109956',NULL,NULL,NULL,NULL,NULL,'2025-08-21 23:44:53',1),(214,'SUPER CLEAN',NULL,'Av San Jeronimo esq Puccini','Rafael Calzada',NULL,NULL,'1157458075',NULL,NULL,NULL,NULL,NULL,'2025-08-21 23:44:53',1),(215,'SUSANA C131',NULL,'CALLE 131 NRO 2701','Berazategui',NULL,NULL,'1159475093',NULL,NULL,NULL,NULL,NULL,'2025-08-21 23:44:53',1),(216,'SUSANA JARA',NULL,'VENEZUELA 2222','QUILMES',NULL,NULL,'1134052042',NULL,NULL,NULL,NULL,NULL,'2025-08-21 23:44:53',1),(217,'TANO',NULL,'CALLE 408 Y 460 A NRO 1025','GUTIERREZ',NULL,NULL,'',NULL,NULL,NULL,NULL,NULL,'2025-08-21 23:44:53',1),(218,'TATIANA',NULL,'133 N524 entre 5 y 6','Berazategui',NULL,NULL,'1151354048',NULL,NULL,NULL,NULL,NULL,'2025-08-21 23:44:53',1),(219,'TATIANA 261',NULL,'261 N1458 entre 215 y 214','Berazategui',NULL,NULL,'1128666517',NULL,NULL,NULL,NULL,NULL,'2025-08-21 23:44:53',1),(220,'TINK SRL',NULL,'PEDRO ELUSTONDO N1342 E/RIOS Y CORRIENTES','QUILMES',NULL,NULL,'',NULL,NULL,NULL,NULL,NULL,'2025-08-21 23:44:53',1),(221,'TODO SUELTO LAS NENAS',NULL,'CALLE 68 N 390','LA PLATA',NULL,NULL,'2216373521',NULL,NULL,NULL,NULL,NULL,'2025-08-21 23:44:53',1),(222,'TOMATE',NULL,'CALLE 123 N5039','Berazategui',NULL,NULL,'1141749018',NULL,NULL,NULL,NULL,NULL,'2025-08-21 23:44:53',1),(223,'TUCUMANO',NULL,'1147 N127 entre 1126 y 1124','VARELA',NULL,NULL,'1136916568',NULL,NULL,NULL,NULL,NULL,'2025-08-21 23:44:53',1),(224,'VALENTINA',NULL,'CALLE 163 N2041 E/20 y 21','Berazategui',NULL,NULL,'1122925427',NULL,NULL,NULL,NULL,NULL,'2025-08-21 23:44:53',1),(225,'VALERIA C30',NULL,'142.ª y 142b número 4246','Berazategui',NULL,NULL,'+54 9 11 6036-2524',NULL,NULL,NULL,NULL,NULL,'2025-08-21 23:44:53',1),(226,'VALERIA LA PLATA',NULL,'DIAGONAL 73 N729 E/ 2 Y 3','LA PLATA',NULL,NULL,'2215409805',NULL,NULL,NULL,NULL,NULL,'2025-08-21 23:44:53',1),(227,'VANESA',NULL,'CALLE 813 E/895 Y 896','SOLANO',NULL,NULL,'1163723284',NULL,NULL,NULL,NULL,NULL,'2025-08-21 23:44:53',1),(228,'VEGA HECTOR',NULL,'CALLE 33 N1762 E/AV 31 Y DIAGONAL 73','LA PLATA',NULL,NULL,'2214949579',NULL,NULL,NULL,NULL,NULL,'2025-08-21 23:44:53',1),(229,'VERONICA 157',NULL,'CALLE 157 N 2284 e/ 22 y 23','Berazategui',NULL,NULL,'1168638187',NULL,NULL,NULL,NULL,NULL,'2025-08-21 23:44:53',1),(230,'VINOTECA',NULL,'no registrada','Quilmes',NULL,NULL,'1135607773',NULL,NULL,NULL,NULL,NULL,'2025-08-21 23:44:53',1),(231,'VIVIANA ADAM',NULL,'no registrada','',NULL,NULL,'',NULL,NULL,NULL,NULL,NULL,'2025-08-21 23:44:53',1),(232,'ZULEMA SUAREZ',NULL,'124 N403 esq 4','Berazategui',NULL,NULL,'2215 71-3769',NULL,NULL,NULL,NULL,NULL,'2025-08-21 23:44:53',1),(233,'ZULMA ROLON',NULL,'CALLE 131 NRO 4888 E 49 Y 48','Berazategui',NULL,NULL,'1162481952',NULL,NULL,NULL,NULL,NULL,'2025-08-21 23:44:53',1),(234,'ZULMA LOPEZ DE VEGA',NULL,'LOPEZ DE VEGA NRO 1179','VARELA',NULL,NULL,'1124058672',NULL,NULL,NULL,NULL,NULL,'2025-08-21 23:44:53',1),(235,'LUCAS MECANICO',NULL,'no registrada','',NULL,NULL,'',NULL,NULL,NULL,NULL,NULL,'2025-08-21 23:44:53',1),(236,'MABEL GOMEZ',NULL,'CHUBUT 2150 E/ ESCALADA Y STORNI','VARELA',NULL,NULL,'1138606295',NULL,NULL,NULL,NULL,NULL,'2025-08-21 23:44:53',1),(237,'DEBORA NOEMI DIAZ',NULL,'FLORIDA BIS 1759 E/AV LA PLATA Y CARRILLO','EZPELETA',NULL,NULL,'1150442964',NULL,NULL,NULL,NULL,NULL,'2025-08-21 23:44:53',1),(238,'NOEMI SANCHEZ',NULL,'332 BIS NRO 1111 E/URQUIZA Y VELEZ SARFIELD','QUILMES',NULL,NULL,'1132846439',NULL,NULL,NULL,NULL,NULL,'2025-08-21 23:44:53',1),(239,'PAÑALERA VALENTINA',NULL,'CALLE 7 N 1743','Berazategui',NULL,NULL,'1145260922',NULL,NULL,NULL,NULL,NULL,'2025-08-21 23:44:53',1),(240,'MARCELA GONZALEZ',NULL,'JUAN BROWN NRO 1099 E/ OLIVER Y BARZI','VARELA',NULL,NULL,'1560302632',NULL,NULL,NULL,NULL,NULL,'2025-08-21 23:44:53',1),(241,'ANA MARIA CARDOZO',NULL,'CALLE 29 E/ 124 Y 125 NRO 2471','Berazategui',NULL,NULL,'1149725834',NULL,NULL,NULL,NULL,NULL,'2025-08-21 23:44:53',1),(242,'BARBARA PAIVA',NULL,'GRAN CANARIA NRO 91 E/ HUMAHUACA Y BUDAPEST','VARELA',NULL,NULL,'1128845692',NULL,NULL,NULL,NULL,NULL,'2025-08-21 23:44:53',1),(243,'SOFIA QUIROGA',NULL,'CALLE AZARA NRO 1070 E/ FINOCHIETO Y LA ARGENTINA','VARELA',NULL,NULL,'1125009559',NULL,NULL,NULL,NULL,NULL,'2025-08-21 23:44:53',1),(244,'VALERIA SALINAS',NULL,'CALLE 13 A NRO 2888 E/ AV VERGARA Y 128','Berazategui',NULL,NULL,'1132986749',NULL,NULL,NULL,NULL,NULL,'2025-08-21 23:44:53',1),(245,'MARCELA MEJIAS',NULL,'CALLE TRENQUE LAUQUEN NRO 2970','VARELA',NULL,NULL,'1133832425',NULL,NULL,NULL,NULL,NULL,'2025-08-21 23:44:53',1),(246,'VERONICA CERON',NULL,'CALLE 139 N2556','Berazategui',NULL,NULL,'1166188599',NULL,NULL,NULL,NULL,NULL,'2025-08-21 23:44:53',1),(247,'VALERIA GARCIA',NULL,'CALLE 17 NRO 2355 E/ 123 Y 124','Berazategui',NULL,NULL,'1168327233',NULL,NULL,NULL,NULL,NULL,'2025-08-21 23:44:53',1),(248,'MARIA VEGA',NULL,'CALLE LUIS VILLAR NRO 4059 E/LIEJA y LAMBARDI','VARELA',NULL,NULL,'1535580599',NULL,NULL,NULL,NULL,NULL,'2025-08-21 23:44:53',1),(249,'TAMARA BENITEZ',NULL,'FINLANDIA 1473 E/ BERNA Y LA HAYA','VARELA',NULL,NULL,'1155065510',NULL,NULL,NULL,NULL,NULL,'2025-08-21 23:44:53',1),(250,'FABIANA ANTONELLI',NULL,'AV. ITALIA NRO 5037 E/ 150 Y  150 A','Berazategui',NULL,NULL,'1532379407',NULL,NULL,NULL,NULL,NULL,'2025-08-21 23:44:53',1),(251,'ANGEL SANDOVAL',NULL,'CALLE 107 NRO 1098','Berazategui',NULL,NULL,'1139294313',NULL,NULL,NULL,NULL,NULL,'2025-08-21 23:44:53',1),(252,'PATRICIA FAGUA',NULL,'CALLE 21 NRO 224','Berazategui',NULL,NULL,'1132745653',NULL,NULL,NULL,NULL,NULL,'2025-08-21 23:44:53',1),(253,'MARIA ESTHER BAREIRO',NULL,'CALLE 128 E/ 48 Y 49 NRO 4858','Berazategui',NULL,NULL,'1563545518',NULL,NULL,NULL,NULL,NULL,'2025-08-21 23:44:53',1),(254,'PERSONAL INST. IVESTIGACIONES',NULL,'SARMIENTO NRO 315 E/ALBERDI Y CONESA','QUILMES',NULL,NULL,'',NULL,NULL,NULL,NULL,NULL,'2025-08-21 23:44:53',1),(255,'HERMANAS MERCEDARIAS',NULL,'AV PADRES MERCEDARIOS NRO 49','Berazategui',NULL,NULL,'1157444376',NULL,NULL,NULL,NULL,NULL,'2025-08-21 23:44:53',1),(256,'QUIMICA COTTON',NULL,'no registrada','',NULL,NULL,'',NULL,NULL,NULL,NULL,NULL,'2025-08-21 23:44:53',1),(257,'ALICIA SANCHEZ',NULL,'CALLE 138 NRO 4787 E/ 47 Y 48','Berazategui',NULL,NULL,'1133247825',NULL,NULL,NULL,NULL,NULL,'2025-08-21 23:44:53',1),(258,'LAVECO',NULL,'no registrada','',NULL,NULL,'',NULL,NULL,NULL,NULL,NULL,'2025-08-21 23:44:53',1),(259,'TATIANA POMA',NULL,'CALLAO 5147 E/ REPUBLICA DE CUBA Y NICARAGUA','EZPELETA',NULL,NULL,'1568782024',NULL,NULL,NULL,NULL,NULL,'2025-08-21 23:44:53',1),(260,'PAULA FERNANDEZ',NULL,'CALLE IRLANDA NRO 2289 E/ 345 A Y 343','VARELA',NULL,NULL,'1553320450',NULL,NULL,NULL,NULL,NULL,'2025-08-21 23:44:53',1),(261,'JUAN CARLOS FERNANDEZ',NULL,'CALLE 3 NRO 1338 E/113 Y 114','Berazategui',NULL,NULL,'1558734303',NULL,NULL,NULL,NULL,NULL,'2025-08-21 23:44:53',1),(262,'VICTORIA SANTOS',NULL,'CALLE GRAL SIMON BOLIVAR NRO 3390 E/JUAN OMAR ABRAHAM Y MENDOZA','VARELA',NULL,NULL,'1153289008',NULL,NULL,NULL,NULL,NULL,'2025-08-21 23:44:53',1),(263,'LUIS PEREZ',NULL,'CALLE SAPELLI NRO 2840 E/ GHIRALDO Y RINALDI','CLAYPOLE',NULL,NULL,'1538663902',NULL,NULL,NULL,NULL,NULL,'2025-08-21 23:44:53',1),(264,'FACUNDO GUERRERO',NULL,'AV. NESTOR KIRCHNER NRO 2947 E/ 29 Y 30','Berazategui',NULL,NULL,'1153273668',NULL,NULL,NULL,NULL,NULL,'2025-08-21 23:44:53',1),(265,'LINA',NULL,'ALEM NRO 1779 E/ 162 Y 163','Bernal Oeste',NULL,NULL,'1154641416',NULL,NULL,NULL,NULL,NULL,'2025-08-21 23:44:53',1),(266,'NICOLAS BEDINI',NULL,'CALLE 138 N1101','Berazategui',NULL,NULL,'1166803053',NULL,NULL,NULL,NULL,NULL,'2025-08-21 23:44:53',1),(267,'NANCY DUARTE',NULL,'CALLE 164 NRO 3066 E/ 30 y 31','Berazategui',NULL,NULL,'2215665180',NULL,NULL,NULL,NULL,NULL,'2025-08-21 23:44:53',1),(268,'ALEJANDRA LOPEZ',NULL,'CALLE MAR DEL PLATA Y FRANCIA','QUILMES',NULL,NULL,'1160296919',NULL,NULL,NULL,NULL,NULL,'2025-08-21 23:44:53',1),(269,'STELLA ALMIRON',NULL,'ROQUE PEREZ 1756','VARELA',NULL,NULL,'1167531544',NULL,NULL,NULL,NULL,NULL,'2025-08-21 23:44:53',1),(270,'JESSICA CENTURIO',NULL,'LUIS AGOTE 834','Berazategui',NULL,NULL,'1127632916',NULL,NULL,NULL,NULL,NULL,'2025-08-21 23:44:53',1),(271,'BEATRIZ CALLE 6',NULL,'CALLE 6 N594','Berazategui',NULL,NULL,'1154152670',NULL,NULL,NULL,NULL,NULL,'2025-08-21 23:44:53',1),(272,'GRACIELA MAIDANA',NULL,'CALLE 52 NRO 5315 CASI ESQ 153','Berazategui',NULL,NULL,'1531798188',NULL,NULL,NULL,NULL,NULL,'2025-08-21 23:44:53',1),(273,'ROMINA DI FILIPPO',NULL,'CALLE NECOCHEA NRO 1760 E/ROCHA Y ESTRADA','VARELA',NULL,NULL,'1535581028',NULL,NULL,NULL,NULL,NULL,'2025-08-21 23:44:53',1),(274,'JULIETA SOURIGUES',NULL,'CALLE 207 NRO 826 E/ 258 Y 258 A','Berazategui',NULL,NULL,'1162435219',NULL,NULL,NULL,NULL,NULL,'2025-08-21 23:44:53',1),(275,'CRISTINA PICCININI',NULL,'CALLE 54 NRO 3127 E/131 Y 132','Berazategui',NULL,NULL,'1173645956',NULL,NULL,NULL,NULL,NULL,'2025-08-21 23:44:53',1),(276,'MARIA CRISTINA PEREZ',NULL,'CALLE BERUTTI Y BLAS PARERA','QUILMES',NULL,NULL,'1123117085',NULL,NULL,NULL,NULL,NULL,'2025-08-21 23:44:53',1),(277,'ADOLFO BONOMO',NULL,'CALLE 55 (OTTO BEMBERG) NRO 5345 E/ 153 Y 154','Berazategui','',NULL,'1563927185','','',NULL,NULL,'','2025-08-21 23:44:53',1),(278,'ELISA COLMAN',NULL,'CALLE PARAGUAY NRO 450 E/ VICENTE LOPEZ Y G, CANARIA','EZPELETA',NULL,NULL,'1564477023',NULL,NULL,NULL,NULL,NULL,'2025-08-21 23:44:53',1),(279,'DANIELA LUQUE',NULL,'CALLE JUAREZ CELMAN NRO 1024 E/LA ARGENTINA Y CALLE 22','VARELA',NULL,NULL,'1162992907',NULL,NULL,NULL,NULL,NULL,'2025-08-21 23:44:53',1),(280,'DANILA MACHUCA',NULL,'CALLE 116 NRO 526 E/ 5 Y 6','Berazategui',NULL,NULL,'1168728846',NULL,NULL,NULL,NULL,NULL,'2025-08-21 23:44:53',1),(281,'MAXIMILIANO GODOY',NULL,'RIO JURAMENTO NRO 1083 E/RIO COLORADO Y RIO ATUEL','VARELA',NULL,NULL,'1151599277',NULL,NULL,NULL,NULL,NULL,'2025-08-21 23:44:53',1),(282,'OLGA ARCE',NULL,'CALLE 31 E/ 159 A Y 160 NRO 5971','Berazategui',NULL,NULL,'1168265971',NULL,NULL,NULL,NULL,NULL,'2025-08-21 23:44:53',1),(283,'EVE DIAZ',NULL,'RIO BERMEJO NRO 2045 E/ CARIBONI Y VIRGEN DE ITATI','VARELA',NULL,NULL,'1122581453',NULL,NULL,NULL,NULL,NULL,'2025-08-21 23:44:53',1),(284,'MARTIN RODRIGUEZ',NULL,'JOSE BROCHERO NRO 704 ESQ CHARCAS','VARELA',NULL,NULL,'1139217920',NULL,NULL,NULL,NULL,NULL,'2025-08-21 23:44:53',1),(285,'PABLO CAVALIERI',NULL,'CALLE 118 N 1850 ENTRE DIAG 73 Y CALLE 70','LA PLATA',NULL,NULL,'2216716555',NULL,NULL,NULL,NULL,NULL,'2025-08-21 23:44:53',1),(286,'PAOLA SIEBENLIST',NULL,'CALLE 138 Y 15 NRO 3743 (LA 15 ES UNA CORTADA)','Berazategui',NULL,NULL,'1131161022',NULL,NULL,NULL,NULL,NULL,'2025-08-21 23:44:53',1),(287,'ESTELA EUGENIA LEYRIA',NULL,'CALLE BOSCH NRO 2160 E/AZOPARDO Y MALABIA','LANUS',NULL,NULL,'1140570900',NULL,NULL,NULL,NULL,NULL,'2025-08-21 23:44:53',1),(288,'RAUL DA SILVA',NULL,'AV VERGARA NRO 2950 E/ 29 Y 30','Berazategui',NULL,NULL,'1125253747',NULL,NULL,NULL,NULL,NULL,'2025-08-21 23:44:53',1),(289,'TERESA DISAN',NULL,'CALCHAQUI Y AYOLAS','Quilmes',NULL,NULL,'1136093027',NULL,NULL,NULL,NULL,NULL,'2025-08-21 23:44:53',1),(290,'ANDREA LAGO',NULL,'CALLE BOLIVIA NRO 1217 E/TORCUATO DE ALVEAR Y LARREA','Quilmes',NULL,NULL,'1153360805',NULL,NULL,NULL,NULL,NULL,'2025-08-21 23:44:53',1),(291,'CLARISA TONEATTI',NULL,'JOSE ARENALES NRO 2328 E/ESPOSOS CURIE Y ARRECIFES','VARELA',NULL,NULL,'1136020889',NULL,NULL,NULL,NULL,NULL,'2025-08-21 23:44:53',1),(292,'LORENA CHAVEZ',NULL,'CALLE 5 NRO 2157 E/121 Y 122','Berazategui',NULL,NULL,'1130895818',NULL,NULL,NULL,NULL,NULL,'2025-08-21 23:44:53',1),(293,'SANDRA CORTEZ',NULL,'CALLE 15 E/ 126 Y 127 NRO 2666','Berazategui',NULL,NULL,'1134353660',NULL,NULL,NULL,NULL,NULL,'2025-08-21 23:44:53',1),(294,'LEONARDO BONACALZA',NULL,'CALLE 1148 NRO 2781 ESQ 1155','VARELA',NULL,NULL,'1130802939',NULL,NULL,NULL,NULL,NULL,'2025-08-21 23:44:53',1),(295,'GEORGINA AREVALO',NULL,'CALLE 13 NRO 3085 E/130 Y 131','Berazategui',NULL,NULL,'1125671821',NULL,NULL,NULL,NULL,NULL,'2025-08-21 23:44:53',1),(296,'MARIA RIVEROS',NULL,'AV BLAS PARERA NRO 1190 ESQ JACARANDA Y LOS LAPACHOS','CLAYPOLE',NULL,NULL,'1132128514',NULL,NULL,NULL,NULL,NULL,'2025-08-21 23:44:53',1),(297,'GRISELDA BRAVO',NULL,'CALLE 162 Y 28 NRO 2791','Berazategui',NULL,NULL,'1165786215',NULL,NULL,NULL,NULL,NULL,'2025-08-21 23:44:53',1),(298,'DENISE CRUZ',NULL,'CALLE 26 A N 1293','Berazategui',NULL,NULL,'1127046631',NULL,NULL,NULL,NULL,NULL,'2025-08-21 23:44:53',1),(299,'CARMEN BARONIO',NULL,'CALLE 158 N1130','Berazategui',NULL,NULL,'1169228332',NULL,NULL,NULL,NULL,NULL,'2025-08-21 23:44:53',1),(300,'QUIMICA ZEUS',NULL,'Islas orcadas 2634','VARELA',NULL,NULL,'1159281127',NULL,NULL,NULL,NULL,NULL,'2025-08-21 23:44:53',1),(301,'PRISCILA CALLE 13',NULL,'CALLE 13 E/155 Y 156 N5520','Berazategui',NULL,NULL,'1138719052',NULL,NULL,NULL,NULL,NULL,'2025-08-21 23:44:53',1),(302,'EL POETA CHAQUEÑO',NULL,'GRAL HORNOS 2840 CURVA DE CHAVEZ','VARELA',NULL,NULL,'1124692819',NULL,NULL,NULL,NULL,NULL,'2025-08-21 23:44:53',1),(303,'FORRAJERIA CALEB',NULL,'CALLE 15 N2341','Berazategui',NULL,NULL,'1169267501',NULL,NULL,NULL,NULL,NULL,'2025-08-21 23:44:53',1),(304,'FLORENCIA PEREZ',NULL,'28 BIS 450 Y 451 SIN NUMERO PORTON NEGRO','LA PLATA',NULL,NULL,'22116734190',NULL,NULL,NULL,NULL,NULL,'2025-08-21 23:44:53',1),(305,'ADRIAN SANCHEZ',NULL,'SAN LUIS NRO 171 E/ CABELLO Y ANICETO DIAZ','VARELA','BS AS','1111','1167334964','','',NULL,NULL,'','2025-08-21 23:44:53',1),(306,'MARIO ACOSTA',NULL,'SUIPACHA 1361 E/ BRAGADO Y PEHUAJO','VARELA',NULL,NULL,'1132534352',NULL,NULL,NULL,NULL,NULL,'2025-08-21 23:44:53',1),(307,'MAXIMILIANO FREDES',NULL,'CALLE 525 BIS E/121 Y 122 NRO 126 PORTON ROJO','LA PLATA',NULL,NULL,'2215634866',NULL,NULL,NULL,NULL,NULL,'2025-08-21 23:44:53',1),(308,'LORENA PEREYRA',NULL,'DINAMARCA 454 E/ MILAN Y BRUCELAS','VARELA',NULL,NULL,'1123820088',NULL,NULL,NULL,NULL,NULL,'2025-08-21 23:44:53',1),(309,'GRACIELA TOLEDO',NULL,'CALLE 252 NRO 950 E/ 209 Y 210','Berazategui',NULL,NULL,'1161005531',NULL,NULL,NULL,NULL,NULL,'2025-08-21 23:44:53',1),(310,'MARIA BEDACARRATZ',NULL,'GARAY 1020','QUILMES',NULL,NULL,'1123861796',NULL,NULL,NULL,NULL,NULL,'2025-08-21 23:44:53',1),(311,'MARIA EUGENIA VILA',NULL,'CALLE 8 N4647 E/146 Y 147','Berazategui',NULL,NULL,'1132495945',NULL,NULL,NULL,NULL,NULL,'2025-08-21 23:44:53',1),(312,'NORMA ARCE',NULL,'CALLE 113 ESQ 3','Berazategui',NULL,NULL,'1130312984',NULL,NULL,NULL,NULL,NULL,'2025-08-21 23:44:53',1),(313,'DIEGO ARIEL BENITEZ',NULL,'CALLE 157 A E/61 Y 62 NRO 6179','Berazategui',NULL,NULL,'1168937723',NULL,NULL,NULL,NULL,NULL,'2025-08-21 23:44:53',1),(314,'JULIETA RAPPAN',NULL,'DE PINEDO NRO 1166 E VIEJO BUENO Y SMITH','Quilmes',NULL,NULL,'1160410990',NULL,NULL,NULL,NULL,NULL,'2025-08-21 23:44:53',1),(315,'RITA CHAYLE',NULL,'AV VERGARA Y 23 NRO 2287 E/ 22 Y 23','Berazategui',NULL,NULL,'1122672765',NULL,NULL,NULL,NULL,NULL,'2025-08-21 23:44:53',1),(316,'VALERIA IÑIGO',NULL,'PEDRO AGRELO NRO 2811 ESQ MAIPU','VARELA',NULL,NULL,'',NULL,NULL,NULL,NULL,NULL,'2025-08-21 23:44:53',1),(317,'MONICA BERNACHEA',NULL,'SAN JOSE NRO 2228 E/893 Y 895','VARELA',NULL,NULL,'1135889861',NULL,NULL,NULL,NULL,NULL,'2025-08-21 23:44:53',1),(318,'SILVIA LAURA FERNANDEZ',NULL,'SUIPACHA NRO 1635 E/ CABDEVILLA Y MIGUEL CANE','VARELA',NULL,NULL,'1130806544',NULL,NULL,NULL,NULL,NULL,'2025-08-21 23:44:53',1),(319,'ROSANA FERNANDEZ',NULL,'SIMON SPERANDIO NRO 565 E/ RODRIGUEZ Y VICT. DE LA PLAZA','VARELA',NULL,NULL,'1162850653',NULL,NULL,NULL,NULL,NULL,'2025-08-21 23:44:53',1),(320,'CINTIA GARCIA',NULL,'CALLE 160 Y 30','Berazategui',NULL,NULL,'1157272737',NULL,NULL,NULL,NULL,NULL,'2025-08-21 23:44:53',1),(321,'SUSANA RECALDE',NULL,'CALLE 1 NRO 2741 E/127 Y 128','Berazategui',NULL,NULL,'1526841342',NULL,NULL,NULL,NULL,NULL,'2025-08-21 23:44:53',1),(322,'NIDIA ARANDA',NULL,'GORRITI NRO 850 E/ EL CALLAO Y GUAYAQUIL','VARELA',NULL,NULL,'1150288017',NULL,NULL,NULL,NULL,NULL,'2025-08-21 23:44:53',1),(323,'GUSTAVO MARCELO MORALES',NULL,'CALLE 500 NRO 1415 E/ 9 Y 10','Gonnet',NULL,NULL,'2216711302',NULL,NULL,NULL,NULL,NULL,'2025-08-21 23:44:53',1),(324,'RAMON ROMERO',NULL,'CALLE NEUQUEN 1568 E/BRAILE Y AMEGHINO','VARELA',NULL,NULL,'1165074857',NULL,NULL,NULL,NULL,NULL,'2025-08-21 23:44:53',1),(325,'YESICA CEJAS',NULL,'CALLE 127 NRO 1970 E/19 Y 20','Berazategui',NULL,NULL,'1153311323',NULL,NULL,NULL,NULL,NULL,'2025-08-21 23:44:53',1),(326,'SONIA VILLALBA',NULL,'DARDO ROCHA Y 18 A EDIFICIO D4 BARRIO CGT','Berazategui',NULL,NULL,'1134007655',NULL,NULL,NULL,NULL,NULL,'2025-08-21 23:44:53',1),(327,'HUGO DIAZ',NULL,'2 DE ABRIL 2104  ESQ MARTIN FIERRO','BURZACO',NULL,NULL,'1131865069',NULL,NULL,NULL,NULL,NULL,'2025-08-21 23:44:53',1),(328,'LUCIANA WALKINS',NULL,'RIO IGUAZU 3331 E/ BAHIA BLANCA Y FLEMING','VARELA',NULL,NULL,'1126835877',NULL,NULL,NULL,NULL,NULL,'2025-08-21 23:44:53',1),(329,'JONATHAN LOPEZ',NULL,'CALLE 556 NRO 704 E/ 551 Y 515','VARELA',NULL,NULL,'1138434123',NULL,NULL,NULL,NULL,NULL,'2025-08-21 23:44:53',1),(330,'OSVALDO PAREDES',NULL,'AV ZUVIRIA NRO 1795 ESQ COSTA RICA','LOMAS DE ZAMORA',NULL,NULL,'1169709644',NULL,NULL,NULL,NULL,NULL,'2025-08-21 23:44:53',1),(331,'SOL SANTACRUZ',NULL,'ECUADOR Y POSADAS 4576 E/ COLOMBIA Y CONDORDIA','EZPELETA',NULL,NULL,'1126437082',NULL,NULL,NULL,NULL,NULL,'2025-08-21 23:44:53',1),(332,'DAVID EDUARDO MEZA',NULL,'AV HUDSON 1435 E/PICHEUTA Y 830','VARELA',NULL,NULL,'1151317389',NULL,NULL,NULL,NULL,NULL,'2025-08-21 23:44:53',1),(333,'ANA BELEN LOPEZ',NULL,'CALLE 868 NRO 2269 E/ RUTA 2 Y 895','VARELA',NULL,NULL,'1136440987',NULL,NULL,NULL,NULL,NULL,'2025-08-21 23:44:53',1),(334,'BRIAN ARANDA',NULL,'CHIMBORAZO 2815 E/AMBATO Y ANCASTE','VARELA',NULL,NULL,'',NULL,NULL,NULL,NULL,NULL,'2025-08-21 23:44:53',1),(335,'GUSTAVO AMAT',NULL,'CALLE 141 A NRO 1915 E/ 19 Y 20','Berazategui',NULL,NULL,'1155840950',NULL,NULL,NULL,NULL,NULL,'2025-08-21 23:44:53',1),(336,'SANDRA NOEMI ESPECHE',NULL,'CALLE 513 E/ 134 BIS Y 135 NRO 1933','LA PLATA',NULL,NULL,'2216261810',NULL,NULL,NULL,NULL,NULL,'2025-08-21 23:44:53',1),(337,'CLAUDIA ALBIZU',NULL,'Calle la Rioja nr 3374 e/pte Perón y Bocussi','VARELA',NULL,NULL,'1150418065',NULL,NULL,NULL,NULL,NULL,'2025-08-21 23:44:53',1),(338,'SOL QUIROGA',NULL,'CALLE AZARA NRO 1070 E/ FINOCHIETO Y LA ARGENTINA','VARELA',NULL,NULL,'1168643452',NULL,NULL,NULL,NULL,NULL,'2025-08-21 23:44:53',1),(339,'MAITE MOREIRA',NULL,'CALLE 830 NRO 591 ESQ 811','VARELA',NULL,NULL,'1166751281',NULL,NULL,NULL,NULL,NULL,'2025-08-21 23:44:53',1),(340,'NOELIA GONZALEZ',NULL,'CALLE 12 NRO 1076 E/110 A Y 111','Berazategui',NULL,NULL,'1133602510',NULL,NULL,NULL,NULL,NULL,'2025-08-21 23:44:53',1),(341,'SONIA CORDERO',NULL,'BRASIL 1962','QUILMES',NULL,NULL,'1130699015',NULL,NULL,NULL,NULL,NULL,'2025-08-21 23:44:53',1),(342,'CLAUDIA HOLLMANN',NULL,'CALLE 122 ESQ 64 NEGOCIO \"TRES QUIMICOS\"','LA PLATA',NULL,NULL,'2213106442',NULL,NULL,NULL,NULL,NULL,'2025-08-21 23:44:53',1),(343,'FLAVIA GUTIERREZ',NULL,'CALLE MAR CHIQUITA NRO 565 E/ S. NICOLAS Y 1RA JUNTA','VARELA',NULL,NULL,'1161935844',NULL,NULL,NULL,NULL,NULL,'2025-08-21 23:44:53',1),(344,'HORACIO 133',NULL,'CALLE 133 NRO 524 E/470 Y 471','City Bell',NULL,NULL,'2215606952',NULL,NULL,NULL,NULL,NULL,'2025-08-21 23:44:53',1),(345,'ALEJANDRO FONTAO',NULL,'PICHEUTA 3512 ESQ HILARIO LAGOS Y CONESA','VARELA',NULL,NULL,'1154661295',NULL,NULL,NULL,NULL,NULL,'2025-08-21 23:44:53',1),(346,'DIEGO MARZIOTTA',NULL,'no registrada','',NULL,NULL,'1131188832',NULL,NULL,NULL,NULL,NULL,'2025-08-21 23:44:53',1),(347,'GERBRITZ SRL',NULL,'CALLE 95 NRO 244 E/ 115 Y 116','LA PLATA',NULL,NULL,'2216230304',NULL,NULL,NULL,NULL,NULL,'2025-08-21 23:44:53',1),(348,'JULIO PERALTA',NULL,'JUAREZ CELMAN 1156 E/ LAS AMERICAS Y FINOCHIETO','VARELA',NULL,NULL,'1564662457',NULL,NULL,NULL,NULL,NULL,'2025-08-21 23:44:53',1),(349,'ANGEL AMARILLA',NULL,'RIO JURAMENTO NRO 2823 E/VIRGEN DEL VALLE Y CACHEUTA','VARELA',NULL,NULL,'1123120460',NULL,NULL,NULL,NULL,NULL,'2025-08-21 23:44:53',1),(350,'EDUARDO PARODI',NULL,'CALLE 26 A E/ CAMINO GRAL BELGRANO Y 108 nro 863','Berazategui',NULL,NULL,'1564855333',NULL,NULL,NULL,NULL,NULL,'2025-08-21 23:44:53',1),(351,'ROMINA LA PLATA',NULL,'58 Y 144 BIS N2471','LA PLATA',NULL,NULL,'2215635325',NULL,NULL,NULL,NULL,NULL,'2025-08-21 23:44:53',1),(352,'MARCELO EMILIO AGUILAR',NULL,'LIBERTADOR SAN MARTIN 856 ENTRE MALVINAS Y LORIA','GLEW',NULL,NULL,'1168710657',NULL,NULL,NULL,NULL,NULL,'2025-08-21 23:44:53',1),(353,'SILVIA FALERO',NULL,'VICTORINO DE LA PLAZA 563 E/NUESTRAS MALVINAS Y CALLE 12 VARELA','VARELA',NULL,NULL,'1136212819',NULL,NULL,NULL,NULL,NULL,'2025-08-21 23:44:53',1),(354,'GISEL DAQUINO',NULL,'CALLE TIERRA DEL FUEGO 453 E/CHIMONDEGUI Y 1RA JUNTA','MONTEGRANDE',NULL,NULL,'1162220332',NULL,NULL,NULL,NULL,NULL,'2025-08-21 23:44:53',1),(355,'ANGELICA LAMELA',NULL,'CALLE 632 A NRO 3278 e/ 532 y 533','VARELA',NULL,NULL,'1123154289',NULL,NULL,NULL,NULL,NULL,'2025-08-21 23:44:53',1),(356,'YAMILA MORA',NULL,'CALLE 429 BIS E/232 Y 234','VARELA',NULL,NULL,'1149403173',NULL,NULL,NULL,NULL,NULL,'2025-08-21 23:44:53',1),(357,'DAMIAN PELU',NULL,'CALLE 140 ENTRE 19 Y 20 NRO 1950','Berazategui',NULL,NULL,'1179012244',NULL,NULL,NULL,NULL,NULL,'2025-08-21 23:44:53',1),(358,'NORA LANUS',NULL,'BOUCHARD 4425','LANUS',NULL,NULL,'1167076158',NULL,NULL,NULL,NULL,NULL,'2025-08-21 23:44:53',1),(359,'GUSTAVO ALEJANDRO SOSA',NULL,'PRINGLES 4182 ESQ ANTARTIDA ARGENTINA','EZPELETA',NULL,NULL,'1140272820',NULL,NULL,NULL,NULL,NULL,'2025-08-21 23:44:53',1),(360,'SONIA CABALLERO',NULL,'CALLE 133 NRO 1828 E/ 18 Y 19','Berazategui',NULL,NULL,'1140878515',NULL,NULL,NULL,NULL,NULL,'2025-08-21 23:44:53',1),(361,'NORMA MANSILLA',NULL,'CALLE 167 E/64 Y 65 6445','Berazategui',NULL,NULL,'1168868354',NULL,NULL,NULL,NULL,NULL,'2025-08-21 23:44:53',1),(362,'MARTA CACERES',NULL,'DIAGONAL M.M DE GUEMES 1442 E/ CHUBUT Y RIO NEGRO','VARELA',NULL,NULL,'1130224933',NULL,NULL,NULL,NULL,NULL,'2025-08-21 23:44:53',1),(363,'DIAZ WALTER LEANDRO',NULL,'CALLE 1128 NRO 2372 E/ 1147 Y 1145','VARELA',NULL,NULL,'1122956507',NULL,NULL,NULL,NULL,NULL,'2025-08-21 23:44:53',1),(364,'ROSA CHAVEZ',NULL,'CALLE SALIQUE 1550 E/GABOTO Y 1031','VARELA',NULL,NULL,'1168277573',NULL,NULL,NULL,NULL,NULL,'2025-08-21 23:44:53',1),(365,'DANIEL MAYOL',NULL,'CALLE 138 NRO 4267 E/ 42 A Y 43','Berazategui',NULL,NULL,'1167674947',NULL,NULL,NULL,NULL,NULL,'2025-08-21 23:44:53',1),(366,'RAUL ESTIGARRIBIA',NULL,'LAPRIDA 1390 E/ OHIGGINS Y BLAS PARERA','QUILMES',NULL,NULL,'1130760731',NULL,NULL,NULL,NULL,NULL,'2025-08-21 23:44:53',1),(367,'PABLO MASTER',NULL,'LA MADRID NRO 230','QUILMES',NULL,NULL,'1162536484',NULL,NULL,NULL,NULL,NULL,'2025-08-21 23:44:53',1),(368,'ISABEL QUIJANO',NULL,'CALLE 1288 NRO 543','VARELA',NULL,NULL,'1123957237',NULL,NULL,NULL,NULL,NULL,'2025-08-21 23:44:53',1),(369,'CRISTINA EZPELETA',NULL,'CALLE MEXICO 1822 ESQ. MARTIN RODRIGUEZ','EZPELETA',NULL,NULL,'1154912402',NULL,NULL,NULL,NULL,NULL,'2025-08-21 23:44:53',1),(370,'MARIA INES RAMALLO',NULL,'CALLE 14 NRO 2586 E/84 Y 85 CASA ART LIMPIEZA SIN TIMBRE','LA PLATA',NULL,NULL,'2216315051',NULL,NULL,NULL,NULL,NULL,'2025-08-21 23:44:53',1),(371,'Lorena Digiorgio',NULL,'115 N1845','Berazategui',NULL,NULL,'1164226792',NULL,NULL,NULL,NULL,NULL,'2025-08-21 23:44:53',1),(372,'fernando',NULL,'juan de Garay 19','Almirante brown',NULL,NULL,'2224485937',NULL,NULL,NULL,NULL,NULL,'2025-08-21 23:44:53',1),(373,'jorge La plata',NULL,'calle 147 y 81 bis','LA PLATA',NULL,NULL,'1178312185',NULL,NULL,NULL,NULL,NULL,'2025-08-21 23:44:53',1),(374,'SILVETTI JAVIER DAVID',NULL,'HUGO DEL CARRIL 1773 ENTRE PAIVA Y LEGUIZAMON','Almirante brown',NULL,NULL,'1121737594',NULL,NULL,NULL,NULL,NULL,'2025-08-21 23:44:53',1),(375,'PATRICIA GUASTELLA',NULL,'no registrada','Berazategui',NULL,NULL,'+54 9 11 3274-5653',NULL,NULL,NULL,NULL,NULL,'2025-08-21 23:44:53',1),(376,'EMILCE FALCON',NULL,'SICILIA 615 MZ 7 CASA 10 e/BRUSELAS Y TIRANA','VARELA','',NULL,'1127218520','','',NULL,NULL,'','2025-08-21 23:44:53',1),(377,'CESAR CALLE 136',NULL,'136 N271 E/ 2 Y 3','Berazategui',NULL,NULL,'1137998160',NULL,NULL,NULL,NULL,NULL,'2025-08-21 23:44:53',1),(378,'MARISOL CAMACHO',NULL,'CUBA 1088 E/BAHIA BLANCA Y BARADERO','EZPELETA',NULL,NULL,'1169496466',NULL,NULL,NULL,NULL,NULL,'2025-08-21 23:44:53',1),(379,'DANIELA VILLALBA',NULL,'156 n3876 e/38b y 39','Berazategui',NULL,NULL,'1136418478',NULL,NULL,NULL,NULL,NULL,'2025-08-21 23:44:53',1),(380,'MARCELA CASTILLO',NULL,'CALLE 13 N6309','Berazategui',NULL,NULL,'1136865033',NULL,NULL,NULL,NULL,NULL,'2025-08-21 23:44:53',1),(381,'KARINA CALLE SALLARES',NULL,'SALLARES 1541 E/ ITUZAINGO Y BUENOS AIRES','VARELA',NULL,NULL,'1128450125',NULL,NULL,NULL,NULL,NULL,'2025-08-21 23:44:53',1),(382,'NATALIA VILLEGAS',NULL,'CALLE 527 N2894 E/556 Y 560','VARELA',NULL,NULL,'1166749562',NULL,NULL,NULL,NULL,NULL,'2025-08-21 23:44:53',1),(383,'RAQUEL SORIA',NULL,'TORDILLO 2289 E/ AGRELO E IRUPE','CLAYPOLE',NULL,NULL,'1131901873',NULL,NULL,NULL,NULL,NULL,'2025-08-21 23:44:53',1),(384,'ROMINA OROÑO',NULL,'CALLE MILAN N 435 E/ 617 A (LA QUE CORTA ES DINAMARCA)','VARELA',NULL,NULL,'1561268117',NULL,NULL,NULL,NULL,NULL,'2025-08-21 23:44:53',1),(385,'GRACIELA BENITEZ',NULL,'CALLE 410 ESQ 456 N641','Berazategui',NULL,NULL,'1154984525',NULL,NULL,NULL,NULL,NULL,'2025-08-21 23:44:53',1),(386,'celia barrio santa rosa',NULL,'bonn 2359 entre bulgaria y 647','VARELA',NULL,NULL,'1136267123',NULL,NULL,NULL,NULL,NULL,'2025-08-21 23:44:53',1),(387,'MARISOL CAMACHO 2',NULL,'BARADERO 5333 E/NICARAGUA Y SOBRAL','EZPELETA',NULL,NULL,'',NULL,NULL,NULL,NULL,NULL,'2025-08-21 23:44:53',1),(388,'sonia cordero',NULL,'BRASIL 1962','QUILMES',NULL,NULL,'1130699015',NULL,NULL,NULL,NULL,NULL,'2025-08-21 23:44:53',1),(389,'Sonia De Federico/ delia genoff',NULL,'143 entre 27 y 28 n 2759','VARELA',NULL,NULL,'1138314318',NULL,NULL,NULL,NULL,NULL,'2025-08-21 23:44:53',1),(390,'LOCO SOLIER',NULL,'calle 55 NRO 5480 E/ 154 Y 155','Berazategui',NULL,NULL,'1553322332',NULL,NULL,NULL,NULL,NULL,'2025-08-21 23:44:53',1),(391,'Maria Teresita Francescone',NULL,'Belgica 767 E/ AV NOVAK Y BARZI','VARELA',NULL,NULL,'1122902640',NULL,NULL,NULL,NULL,NULL,'2025-08-21 23:44:53',1),(392,'SARA MEDINA',NULL,'CALLE CESAR NRO 463 E/BATALLA DE ONCATIVO Y POZOS','VARELA',NULL,NULL,'1125735167',NULL,NULL,NULL,NULL,NULL,'2025-08-21 23:44:53',1),(393,'NORBERTO HURTADO',NULL,'CALLE 414 Y 212 ESQUINA PAREDON LADRILLOS A LA VISTA','VARELA',NULL,NULL,'1132120485',NULL,NULL,NULL,NULL,NULL,'2025-08-21 23:44:53',1),(394,'JUAN ARAYA',NULL,'no registrada','',NULL,NULL,'1164692252',NULL,NULL,NULL,NULL,NULL,'2025-08-21 23:44:53',1),(395,'VANESA COLMAN',NULL,'CALLE CHACO E/TUYU Y TALA N 1965','VARELA',NULL,NULL,'1132697038',NULL,NULL,NULL,NULL,NULL,'2025-08-21 23:44:53',1),(396,'ALEJANDRA C26',NULL,'CALLE 26 E/163 Y 164 N 6351','Berazategui',NULL,NULL,'1128645216',NULL,NULL,NULL,NULL,NULL,'2025-08-21 23:44:53',1),(397,'CELIA LAMAZON',NULL,'CALLE BONN 02358 E/ BULGARIA Y 647','VARELA',NULL,NULL,'1136267123',NULL,NULL,NULL,NULL,NULL,'2025-08-21 23:44:53',1),(398,'ISABEL FARIAS',NULL,'CALLE LA RIOJA NRO 430 E/ SAN JUAN Y ARISTOBULO DEL VALLE','VARELA',NULL,NULL,'1121730930',NULL,NULL,NULL,NULL,NULL,'2025-08-21 23:44:53',1),(399,'JORGE FERNANDEZ',NULL,'CALLE FLORIDA NRO 1750 E/AV LA PLATA Y CARRILLO','EZPELETA',NULL,NULL,'1130077637',NULL,NULL,NULL,NULL,NULL,'2025-08-21 23:44:53',1),(400,'LORENA QUINTANA',NULL,'JUAN JOSE VALLE 2579 E/ LINCH Y NEUQUEN','Bernal Oeste',NULL,NULL,'1123799914',NULL,NULL,NULL,NULL,NULL,'2025-08-21 23:44:53',1),(401,'MARIANA SOSA',NULL,'CALLE 128 N 4962 E/ 49 Y 50','Berazategui',NULL,NULL,'1138388941',NULL,NULL,NULL,NULL,NULL,'2025-08-21 23:44:53',1),(402,'KARINA BENITEZ',NULL,'109 N652 E 6 Y7','Berazategui',NULL,NULL,'1564888534',NULL,NULL,NULL,NULL,NULL,'2025-08-21 23:44:53',1),(403,'FARMACIA SALGADO',NULL,'AV ITALIA 152 N 5173','Berazategui',NULL,NULL,'11 5753-7912',NULL,NULL,NULL,NULL,NULL,'2025-08-21 23:44:53',1),(404,'ANDREA ARIAS',NULL,'CALLE 136 E/20 Y 21 NRO 2038','Berazategui',NULL,NULL,'11 2256-6007',NULL,NULL,NULL,NULL,NULL,'2025-08-21 23:44:53',1),(405,'FRANCISCO ALLENDE',NULL,'LOS OLIVOS N 1441 E/ 527 Y 529','VARELA',NULL,NULL,'1126236543',NULL,NULL,NULL,NULL,NULL,'2025-08-21 23:44:53',1),(406,'GABRIELA VACA',NULL,'AV MITRE 2651','SARANDI',NULL,NULL,'1567629495',NULL,NULL,NULL,NULL,NULL,'2025-08-21 23:44:53',1),(407,'SARA SAUCEDO',NULL,'CALLE 161 E/13 Y 14 N 1364','Berazategui',NULL,NULL,'1134144754',NULL,NULL,NULL,NULL,NULL,'2025-08-21 23:44:53',1),(408,'IVAN MUSIMESSI',NULL,'CALLE 16 NRO 2837 E/ CALLE 128 Y AV VERGARA','Berazategui',NULL,NULL,'1140503422',NULL,NULL,NULL,NULL,NULL,'2025-08-21 23:44:53',1),(409,'MARIANA LUQUE',NULL,'FALUCHO 1048 E/ITALIA Y BIGLE','BURZACO',NULL,NULL,'1170736814',NULL,NULL,NULL,NULL,NULL,'2025-08-21 23:44:53',1),(410,'MARIELA ESTIGARRIBIA',NULL,'LOS OLIVOS N 2201 E/ CALANDRIA Y ÑANDU','VARELA',NULL,NULL,'11 2636-6886',NULL,NULL,NULL,NULL,NULL,'2025-08-21 23:44:53',1),(411,'MARTA GABRIELA QUIÑONES',NULL,'CALLE 525 E/ 538 Y 540 N 1976','VARELA',NULL,NULL,'11 6443-2418',NULL,NULL,NULL,NULL,NULL,'2025-08-21 23:44:53',1),(412,'DAVID ARIAS',NULL,'MENDOZA N 1021 E/ PRINGLES Y URIBURU','EZPELETA',NULL,NULL,'1139068453',NULL,NULL,NULL,NULL,NULL,'2025-08-21 23:44:53',1),(413,'RAMON AGUIRRE',NULL,'LA AGUADA 1669 E/ RAWSON Y BEGOÑA','VARELA',NULL,NULL,'11 6638-3392',NULL,NULL,NULL,NULL,NULL,'2025-08-21 23:44:53',1),(414,'CRISTINA RECONQUISTA',NULL,'RECONQUISTA 580 E/ ANDRADE Y FIERRO','QUILMES',NULL,NULL,'1553151203',NULL,NULL,NULL,NULL,NULL,'2025-08-21 23:44:53',1),(415,'CANDELA BELLO',NULL,'CALLE 135 ESQ 57 NRO 5706','Berazategui',NULL,NULL,'11 2378-9237',NULL,NULL,NULL,NULL,NULL,'2025-08-21 23:44:53',1),(416,'ALEJANDRO CARDOZO',NULL,'CALLE 130 N 51 E/AV FCIO VARELA Y CALLE 1','Berazategui',NULL,NULL,'1130931076',NULL,NULL,NULL,NULL,NULL,'2025-08-21 23:44:53',1),(417,'YESICA ROA',NULL,'LONARDI N 998 ESQ LA ARGENTINA E/ URIBURU Y 20 DE JUNIO','VARELA',NULL,NULL,'11 3178-0897',NULL,NULL,NULL,NULL,NULL,'2025-08-21 23:44:53',1),(418,'ROSANA NOEMI AÑASCO',NULL,'CALLE 1132 A CASA 2101 E/ 1141 Y 1143','VARELA',NULL,NULL,'1138179750',NULL,NULL,NULL,NULL,NULL,'2025-08-21 23:44:53',1),(419,'ROBERTO ALCOHOL',NULL,'CALLE 164 A N 5833 E/ 58 Y 58 A','Berazategui',NULL,NULL,'1150231670',NULL,NULL,NULL,NULL,NULL,'2025-08-21 23:44:53',1),(420,'PABLO GAUNA',NULL,'CALLE 891 N 2175 E 821 Y 820','QUILMES',NULL,NULL,'11 6529-1580',NULL,NULL,NULL,NULL,NULL,'2025-08-21 23:44:53',1),(421,'DIEGO RODRIGUEZ',NULL,'CALLE 24 E/ 158 Y 159 N 5851','Berazategui',NULL,NULL,'11 3393-8200',NULL,NULL,NULL,NULL,NULL,'2025-08-21 23:44:53',1),(422,'BELEN VARISCO',NULL,'CALLE 572 E/ 505 Y 503','VARELA',NULL,NULL,'1128738479',NULL,NULL,NULL,NULL,NULL,'2025-08-21 23:44:53',1),(423,'LUIS BENITEZ',NULL,'CALLE 9 E/128 Y AV VERGARA NRO 2853','Berazategui',NULL,NULL,'1149926256',NULL,NULL,NULL,NULL,NULL,'2025-08-21 23:44:53',1),(424,'LUCIANA VAZQUEZ',NULL,'AV JORGE NOVAK N 636 E/RIOBAMBA Y PASO DE LA PATRIA','VARELA',NULL,NULL,'1140821148',NULL,NULL,NULL,NULL,NULL,'2025-08-21 23:44:53',1),(425,'NOELIA WESTDORP',NULL,'LUXEMBURGO N 2384 E/BULGARIA Y 647','VARELA',NULL,NULL,'1156004544',NULL,NULL,NULL,NULL,NULL,'2025-08-21 23:44:53',1),(426,'CRISTIAN HUGO DEL RIO',NULL,'CALLE 514 NRO 2366 E/ 623 Y 624','VARELA',NULL,NULL,'1124218466',NULL,NULL,NULL,NULL,NULL,'2025-08-21 23:44:53',1),(427,'CELESTE PEREZ',NULL,'CALLE VITALLER 1567 MZN 32 H10 PB10','CLAYPOLE',NULL,NULL,'1139319465',NULL,NULL,NULL,NULL,NULL,'2025-08-21 23:44:53',1),(428,'PAÑALERA MI DULCE EVA',NULL,'CALLE 893 N5465 E/854 Y 855','SOLANO',NULL,NULL,'11 3643-9692',NULL,NULL,NULL,NULL,NULL,'2025-08-21 23:44:53',1),(429,'LUCAS SANDOVAL',NULL,'CALLE 114 Y 29 N 2891','Berazategui',NULL,NULL,'1136248861',NULL,NULL,NULL,NULL,NULL,'2025-08-21 23:44:53',1),(430,'JUANA QUIROGA',NULL,'CALLE 56 A E/140 Y 141 N4021','Berazategui',NULL,NULL,'11 4438-6280',NULL,NULL,NULL,NULL,NULL,'2025-08-21 23:44:53',1),(431,'NANCY ORDOÑEZ',NULL,'CALLE 110 NRO 421 E/ 4 Y 5','Berazategui',NULL,NULL,'1130666966',NULL,NULL,NULL,NULL,NULL,'2025-08-21 23:44:53',1),(432,'FRIGORIFICO EL ARAUCANO',NULL,'gustavojimenez92@hotmail.com','',NULL,NULL,'4200 3576',NULL,NULL,NULL,NULL,NULL,'2025-08-21 23:44:53',1),(433,'FRIGORIFICO EL QUILMEÑO',NULL,'frigorificofantuzsa@gmail.com','',NULL,NULL,'4250 1776',NULL,NULL,NULL,NULL,NULL,'2025-08-21 23:44:53',1),(434,'BELEN ACEVEDO',NULL,'CALLE 830 NRO 591 ESQ 811','VARELA',NULL,NULL,'1158579573',NULL,NULL,NULL,NULL,NULL,'2025-08-21 23:44:53',1),(435,'MARIA CABRAL',NULL,'CALLE 818 N1202 ESQ 882','QUILMES',NULL,NULL,'1128430236',NULL,NULL,NULL,NULL,NULL,'2025-08-21 23:44:53',1),(436,'LILIANA LEAL',NULL,'CASEROS N64 E/PUEYRREDON Y RECONQUISTA','BERNAL',NULL,NULL,'15 5860-7436',NULL,NULL,NULL,NULL,NULL,'2025-08-21 23:44:53',1),(437,'MICKY LP',NULL,'CALLE 143 N480 LAVADERO DE ROPA','LA PLATA',NULL,NULL,'2216667423',NULL,NULL,NULL,NULL,NULL,'2025-08-21 23:44:53',1),(438,'GRACIELA GOMEZ',NULL,'DARRAGUEIRA 885 E/SIMON ESPERANDIO Y 18','VARELA',NULL,NULL,'11 3323-8756',NULL,NULL,NULL,NULL,NULL,'2025-08-21 23:44:53',1),(439,'MABEL RODRIGUEZ',NULL,'CALLE 143 E/ 26 Y 27 NRO 2661','Berazategui',NULL,NULL,'11 5061-3263',NULL,NULL,NULL,NULL,NULL,'2025-08-21 23:44:53',1),(440,'MARIELA MONZON',NULL,'VENEZUELA Y KENY DUPLEX D52','EZPELETA',NULL,NULL,'1164061037',NULL,NULL,NULL,NULL,NULL,'2025-08-21 23:44:53',1),(441,'ROCIO CALLE 39',NULL,'CALLE 39 5657 ENTRE 156 Y 157','',NULL,NULL,'1135792939',NULL,NULL,NULL,NULL,NULL,'2025-08-21 23:44:53',1),(442,'ELIANA PEREYRA',NULL,'MOZART 1535 E/ MARMOL Y ECHEVERRIA','QUILMES',NULL,NULL,'1131039004',NULL,NULL,NULL,NULL,NULL,'2025-08-21 23:44:53',1),(443,'JOHANA PAVON',NULL,'CALLE 514 N2134 E/ 621 Y 622','VARELA',NULL,NULL,'11 3152-3446',NULL,NULL,NULL,NULL,NULL,'2025-08-21 23:44:53',1),(444,'CARMEN DE FCIO VARELA',NULL,'CALLE 1339 N 379 BARRIO SARMIENTO','VARELA',NULL,NULL,'11 3440-2916',NULL,NULL,NULL,NULL,NULL,'2025-08-21 23:44:53',1),(445,'SARA SAUCEDO',NULL,'CALLE 161 E/13 Y 14 N 1364','Berazategui',NULL,NULL,'11 3414-4754',NULL,NULL,NULL,NULL,NULL,'2025-08-21 23:44:53',1),(446,'LEILA TERSISE',NULL,'CALLE HUSARES N4431 E/URUGUAY Y BRASIL','EZPELETA',NULL,NULL,'11 3932-3199',NULL,NULL,NULL,NULL,NULL,'2025-08-21 23:44:53',1),(447,'LILIAN SANTANA',NULL,'CALLE 370 N1271 E/312 Y 313','Berazategui',NULL,NULL,'11 2766-4196',NULL,NULL,NULL,NULL,NULL,'2025-08-21 23:44:53',1),(448,'VERO FERNANDEZ',NULL,'411 E/156 y 157 (casi esq 157 sobre 411 porton negro)','VILLA ELISA',NULL,NULL,'2215451869',NULL,NULL,NULL,NULL,NULL,'2025-08-21 23:44:53',1),(449,'LILIANA RUIZ DIAZ',NULL,'523 N 3214 entre 27 y 28','LA PLATA',NULL,NULL,'2214670302',NULL,NULL,NULL,NULL,NULL,'2025-08-21 23:44:53',1),(450,'SERGIO MEZA',NULL,'CALLE 532 A E/533 Y 536','VARELA',NULL,NULL,'11 3875-7994',NULL,NULL,NULL,NULL,NULL,'2025-08-21 23:44:53',1),(451,'MARGARITA BRITEZ',NULL,'CALLE 389 N457 E/LIBANO Y SAN JUAN','QUILMES',NULL,NULL,'11 6616-4847',NULL,NULL,NULL,NULL,NULL,'2025-08-21 23:44:53',1),(452,'MILAGROS GAUNA',NULL,'CALLE 65 E/160 Y 161 N3262','LA PLATA',NULL,NULL,'+54 9 2216 80-9251',NULL,NULL,NULL,NULL,NULL,'2025-08-21 23:44:53',1),(453,'MARY MONTES DE OCA',NULL,'CALLE 1126 Y 1149A N1250','VARELA',NULL,NULL,'1170500736',NULL,NULL,NULL,NULL,NULL,'2025-08-21 23:44:53',1),(454,'SILVANA BLANCO',NULL,'CALLE 548 N 412 ESQ 507','VARELA',NULL,NULL,'11 3832-7836',NULL,NULL,NULL,NULL,NULL,'2025-08-21 23:44:53',1),(455,'OLIVARES 2',NULL,'AC NESTOR KIRCHNER NRO 3590','Berazategui',NULL,NULL,'11 2587-1234',NULL,NULL,NULL,NULL,NULL,'2025-08-21 23:44:53',1),(456,'MARTIN BIANCO',NULL,'CALLE FABIAN ONZARI 1109','WILDE',NULL,NULL,'+54 9 11 3435-9337',NULL,NULL,NULL,NULL,NULL,'2025-08-21 23:44:53',1),(457,'MARIANO CON GRAL BELGRANO',NULL,'CAMINO GRAL BELGRANO 5179','Berazategui',NULL,NULL,'1167892253',NULL,NULL,NULL,NULL,NULL,'2025-08-21 23:44:53',1),(458,'SUSANA CALLE AUSTRIA',NULL,'AUSTRIA 1285','VARELA',NULL,NULL,'+5491123136105',NULL,NULL,NULL,NULL,NULL,'2025-08-21 23:44:53',1),(459,'ROMINA BARRIO SAN LUIS',NULL,'CALLE 1329 N 1332 BARRIO SAN LUIS','VARELA',NULL,NULL,'+5491165142763',NULL,NULL,NULL,NULL,NULL,'2025-08-21 23:44:53',1),(460,'MARCELA DIAZ',NULL,'515 bis e 157 y 158','LA PLATA',NULL,NULL,'+5492216754190',NULL,NULL,NULL,NULL,NULL,'2025-08-21 23:44:53',1),(461,'PAMELA DE QUILMES',NULL,'CALLE 387 N441','QUILMES',NULL,NULL,'+5491169797920',NULL,NULL,NULL,NULL,NULL,'2025-08-21 23:44:53',1),(462,'ROSALINA VERDUN',NULL,'CALLE 521 E/ 572 Y 574 NRO 3646','VARELA',NULL,NULL,'1166845016',NULL,NULL,NULL,NULL,NULL,'2025-08-21 23:44:53',1),(463,'MATIAS SARALEGUI',NULL,'CALLE LUISA BERTANA N3346 E/382 Y 382 BIS','QUILMES',NULL,NULL,'1161239572',NULL,NULL,NULL,NULL,NULL,'2025-08-21 23:44:53',1),(464,'MARCOS FARIAS',NULL,'CALLE 511 N2384','VARELA',NULL,NULL,'1161455676',NULL,NULL,NULL,NULL,NULL,'2025-08-21 23:44:53',1),(465,'SILVIA VARGAS',NULL,'CALLE ZARATE N2840 E/LAS ROSAS Y BROCHERO','VARELA',NULL,NULL,'1136180517',NULL,NULL,NULL,NULL,NULL,'2025-08-21 23:44:53',1),(466,'ELISABETH FALCON',NULL,'CALLE 1153 ESQ 1126','VARELA',NULL,NULL,'1127406092',NULL,NULL,NULL,NULL,NULL,'2025-08-21 23:44:53',1),(467,'NESTOR IAZZETTA',NULL,'QUILMES 856','Berisso',NULL,NULL,'549212743',NULL,NULL,NULL,NULL,NULL,'2025-08-21 23:44:53',1),(468,'ANALIA HINZ',NULL,'CALLE 25 NRO 3153 ESQ 131 A','Berazategui',NULL,NULL,'1163590869',NULL,NULL,NULL,NULL,NULL,'2025-08-21 23:44:53',1),(469,'JESICA ROMERO',NULL,'CALLE 129 A E/ 18 Y 19 N1822','Berazategui',NULL,NULL,'1156453265',NULL,NULL,NULL,NULL,NULL,'2025-08-21 23:44:53',1),(470,'MATIAS IBAÑEZ',NULL,'CALLE 1155 N1851 E/DIAGONAL LOS GUARANIES Y 1136','VARELA',NULL,NULL,'1153121041',NULL,NULL,NULL,NULL,NULL,'2025-08-21 23:44:53',1),(471,'ROMAN OTTENHEIMER',NULL,'CALLE 131 E/ 59 Y 60 N 5952','Berazategui',NULL,NULL,'1131616467',NULL,NULL,NULL,NULL,NULL,'2025-08-21 23:44:53',1),(472,'RODRIGO CASAMAYOU',NULL,'CALLE 61 E/140 Y 141 N 2280','LOS HORNOS',NULL,NULL,'2216550078',NULL,NULL,NULL,NULL,NULL,'2025-08-21 23:44:53',1),(473,'MARIA GONZALEZ',NULL,'CALLE 429 E/136 Y 137 NRO 4146','City Bell',NULL,NULL,'2213064228',NULL,NULL,NULL,NULL,NULL,'2025-08-21 23:44:53',1),(474,'EMILIANO SAN MILAN',NULL,'AV MARTIN RODRIGUEZ 702,ESQ NOGOYA','LANUS',NULL,NULL,'1161755969',NULL,NULL,NULL,NULL,NULL,'2025-08-21 23:44:53',1),(475,'MILAGROS ACOSTA',NULL,'CALLE 24 ESQ 161 N 6108 E/161 Y 162','Berazategui',NULL,NULL,'1123597059',NULL,NULL,NULL,NULL,NULL,'2025-08-21 23:44:53',1),(476,'PAULA MEDINA',NULL,'JOSE LUIS CHORROARIN 1183 PASILLO CASA 6','LANUS',NULL,NULL,'1131628243',NULL,NULL,NULL,NULL,NULL,'2025-08-21 23:44:53',1),(477,'MONICA SUSANA SAAVEDRA',NULL,'CALLE HUMAHUACA N 89 E/AV NOVAK Y 501','VARELA',NULL,NULL,'1136245571',NULL,NULL,NULL,NULL,NULL,'2025-08-21 23:44:53',1),(478,'PATRICIA YOLANDA LUQUE',NULL,'CALLE 1274 E/1213 Y 1215 NRO 735','VARELA',NULL,NULL,'1132085642',NULL,NULL,NULL,NULL,NULL,'2025-08-21 23:44:53',1),(479,'RAFAEL',NULL,'no registrada','LOMAS DE ZAMORA',NULL,NULL,'1168730891',NULL,NULL,NULL,NULL,NULL,'2025-08-21 23:44:53',1),(480,'GISELA ALONDRA LUCA',NULL,'CALLE 1546 N 1208 E/ 1523 Y 1525','VARELA',NULL,NULL,'1158865628',NULL,NULL,NULL,NULL,NULL,'2025-08-21 23:44:53',1),(481,'KATHERINE AROCHA',NULL,'CALLE 509 N 4048 E/HUMAHUACA Y 580','VARELA',NULL,NULL,'1123276248',NULL,NULL,NULL,NULL,NULL,'2025-08-21 23:44:53',1),(484,'PABLO OLMEDO','1','CALLE 119 N5788 ENTRE 57 Y 58','Berazategui','Provincia de Buenos Aires','1876','1168188320','','0',NULL,NULL,'','2025-08-25 17:35:39',1),(487,'cliente prueba','12345678912','dawda','dawas','bs','1022','02646281854','ticianoat@agenciataup.com','2485149666',NULL,NULL,'','2025-08-28 17:02:18',0),(489,'cliente prueba','2121212121342','dawda','dawas','bs','1022','02646281854','ticianoat@agenciataup.com','2485149',NULL,NULL,'','2025-08-28 17:34:51',1),(492,'aaa prueba si anda','123652','asd','asd','asd','22','23','asd@ho','2',NULL,NULL,'','2025-08-28 18:39:09',0),(497,'clienteess',NULL,'no registrada','sasdas','','0','','','0',NULL,NULL,'','2025-08-29 12:28:33',0),(498,'clienteess',NULL,'no registrada','sasdas','','0','','','0',NULL,NULL,'','2025-08-29 12:28:52',0),(499,'clienteess',NULL,'no registrada','sasdas','','0','','','0',NULL,NULL,'','2025-08-29 12:29:07',0),(500,'clienteesssasw',NULL,'no registrada','sasdasdas','','0','','','0',NULL,NULL,'','2025-08-29 12:37:17',0),(501,'good',NULL,'no registrada','moral','','0','','','0',NULL,NULL,'','2025-08-29 12:44:38',1),(502,'good',NULL,'no registrada','moral','','0','','','0',NULL,NULL,'','2025-08-29 12:44:49',0),(503,'desarrolllo',NULL,'no registrada','jamon','','0','','','0',NULL,NULL,'','2025-08-29 12:48:09',1),(504,'desarrollloas',NULL,'no registrada','jamon','','0','','','0',NULL,NULL,'','2025-08-29 12:49:14',1),(505,'desarrollloas',NULL,'no registrada','jamon','','0','','','0',NULL,NULL,'','2025-08-29 12:58:49',1),(506,'CRISTIAN CHAVEZ',NULL,'CALLE 479 N1244 ENTRE 7 Y 8','LA PLATA','','0','0221154814265','','0',NULL,NULL,'','2025-08-29 13:01:09',0),(507,'CRISTIAN CHAVEZ',NULL,'CALLE 479 N1244 ENTRE 7 Y 8','LA PLATA','','0','0221154814265','','0',NULL,NULL,'','2025-08-29 13:01:11',0),(508,'CRISTIAN CHAVEZ',NULL,'CALLE 479 N1244 ENTRE 7 Y 8','LA PLATA','','0','0221154814265','','0',NULL,NULL,'','2025-08-29 13:01:11',0),(509,'CRISTIAN CHAVEZ',NULL,'CALLE 479 N1244 ENTRE 7 Y 8','LA PLATA','','0','0221154814265','','0',NULL,NULL,'','2025-08-29 13:01:12',0),(510,'CRISTIAN CHAVEZ',NULL,'CALLE 479 N1244 ENTRE 7 Y 8','LA PLATA','','0','0221154814265','','0',NULL,NULL,'','2025-08-29 13:01:17',0),(511,'CRISTIAN CHAVEZ',NULL,'CALLE 479 N1244 ENTRE 7 Y 8','LA PLATA','','0','0221154814265','','0',NULL,NULL,'','2025-08-29 13:01:18',1),(512,'CRISTIAN CHAVEZ',NULL,'CALLE 479 N1244 ENTRE 7 Y 8','LA PLATA','','0','0221154814265','','0',NULL,NULL,'','2025-08-29 13:01:18',0),(513,'CRISTIAN CHAVEZ',NULL,'CALLE 479 N1244 ENTRE 7 Y 8','LA PLATA','','0','0221154814265','','0',NULL,NULL,'','2025-08-29 13:01:18',0),(514,'CRISTIAN CHAVEZ',NULL,'CALLE 479 N1244 ENTRE 7 Y 8','LA PLATA','','0','0221154814265','','0',NULL,NULL,'','2025-08-29 13:01:35',0),(515,'CRISTIAN CHAVEZ',NULL,'CALLE 479 N1244 ENTRE 7 Y 8','LA PLATA','','0','0221154814265','','0',NULL,NULL,'','2025-08-29 13:03:34',0),(516,'clienteesssasw',NULL,'no registrada','sasdasdas','','0','','','0',NULL,NULL,'','2025-08-29 13:07:38',0),(517,'CRISTIAN CHAVEZ',NULL,'CALLE 479 N1244 ENTRE 7 Y 8','LA PLATA','','0','0221154814265','','0',NULL,NULL,'','2025-08-29 13:07:41',0),(518,'CRISTIAN CHAVEZ',NULL,'CALLE 479 N1244 ENTRE 7 Y 8','LA PLATA','','0','0221154814265','','0',NULL,NULL,'','2025-08-29 13:07:42',0),(519,'clienteesssasw12',NULL,'no registrada','sasdasdas','','0','','','0',NULL,NULL,'','2025-08-29 13:14:21',1),(520,'CRISTIAN CHAVEZ',NULL,'no registrada','LA PLATA','','0','','','0',NULL,NULL,'','2025-08-29 13:54:42',1),(521,'ESTELA SALINA ',NULL,'CALLE YUGOSLAVIA NRO 1697 ESQ VIENA','VARELA ','','0','1155123634','','0',NULL,NULL,'','2025-08-29 14:12:50',1),(522,'ANALIA ALTUNA ',NULL,'CALLE 107 ESQ 6 NRO 583 ','BERA','','0','','','0',NULL,NULL,'','2025-08-29 14:15:19',0),(523,'ANALIA ALTUNA ',NULL,'CALLE 107 ESQ 6 NRO 583','BERAZATEGUI','','0','1122852562','','0',NULL,NULL,'','2025-08-29 14:17:13',1),(524,'CARNICERIA LEANDRO',NULL,'AV SMITH Y ESTANISLAO DEL CAMPO','EZPELETA','','0','1138576923','','0',NULL,NULL,'','2025-08-29 14:18:07',1),(525,'MI DULCE EVA 2 ',NULL,'CALLE 895 ESQ 822','SOLANO','','0','1138733910','','0',NULL,NULL,'','2025-08-29 14:44:00',1),(526,'cliente prueba23324',NULL,'no registrada','sam','','0','','','0',NULL,NULL,'','2025-09-01 13:53:51',1),(527,'COTIZACION',NULL,'no registrada','SIN REGISTRO','','0','','','0',NULL,NULL,'','2025-09-01 17:17:04',1),(528,'ROSA CANALES',NULL,'CALLE 419 Y 28 N 2714 E/28 Y 28 BIS ','VILLA ELISA','','0','','','0',NULL,NULL,'','2025-09-02 11:59:03',1),(529,'ANA KARINA SPANDRIO ',NULL,'RODOLFO LOPEZ 1464 ESQ MARTIN RODRIGUEZ','QUILMES','','0','1162013131','','0',NULL,NULL,'FERRETERIA DE 09 A 19:00 HS ','2025-09-02 14:20:50',1),(530,'cotizacion 2',NULL,'','quilmes','','0','','','0',NULL,NULL,'','2025-09-02 22:24:58',0);
/*!40000 ALTER TABLE `clientes` ENABLE KEYS */;
UNLOCK TABLES;

--
-- Table structure for table `combo_componentes`
--

DROP TABLE IF EXISTS `combo_componentes`;
/*!40101 SET @saved_cs_client     = @@character_set_client */;
/*!50503 SET character_set_client = utf8mb4 */;
CREATE TABLE `combo_componentes` (
  `id` int NOT NULL AUTO_INCREMENT,
  `combo_id` int NOT NULL,
  `producto_id` int NOT NULL,
  `cantidad` decimal(15,4) NOT NULL,
  PRIMARY KEY (`id`),
  KEY `combo_id` (`combo_id`),
  KEY `producto_id` (`producto_id`),
  CONSTRAINT `combo_componentes_ibfk_1` FOREIGN KEY (`combo_id`) REFERENCES `combos` (`id`) ON DELETE CASCADE,
  CONSTRAINT `combo_componentes_ibfk_2` FOREIGN KEY (`producto_id`) REFERENCES `productos` (`id`) ON DELETE RESTRICT
) ENGINE=InnoDB AUTO_INCREMENT=48 DEFAULT CHARSET=utf8mb4 COLLATE=utf8mb4_unicode_ci;
/*!40101 SET character_set_client = @saved_cs_client */;

--
-- Dumping data for table `combo_componentes`
--

LOCK TABLES `combo_componentes` WRITE;
/*!40000 ALTER TABLE `combo_componentes` DISABLE KEYS */;
INSERT INTO `combo_componentes` VALUES (26,8,185,7.0000),(28,8,269,3.0000),(29,8,68,1.0000),(30,8,63,1.0000),(31,8,65,1.0000),(41,10,185,7.0000),(42,10,61,3.0000),(43,10,269,3.0000),(44,10,65,3.0000),(45,10,68,3.0000),(46,9,92,30.0000),(47,9,50,20.0000);
/*!40000 ALTER TABLE `combo_componentes` ENABLE KEYS */;
UNLOCK TABLES;

--
-- Table structure for table `combos`
--

DROP TABLE IF EXISTS `combos`;
/*!40101 SET @saved_cs_client     = @@character_set_client */;
/*!50503 SET character_set_client = utf8mb4 */;
CREATE TABLE `combos` (
  `id` int NOT NULL AUTO_INCREMENT,
  `nombre` varchar(255) COLLATE utf8mb4_unicode_ci NOT NULL,
  `sku_combo` varchar(100) COLLATE utf8mb4_unicode_ci DEFAULT NULL,
  `descripcion` text COLLATE utf8mb4_unicode_ci,
  `activo` tinyint(1) NOT NULL,
  `fecha_creacion` datetime DEFAULT NULL,
  `fecha_modificacion` datetime DEFAULT NULL,
  `margen_combo` decimal(10,4) DEFAULT '0.0000',
  PRIMARY KEY (`id`),
  UNIQUE KEY `ix_combos_nombre` (`nombre`),
  UNIQUE KEY `ix_combos_sku_combo` (`sku_combo`),
  KEY `ix_combos_activo` (`activo`)
) ENGINE=InnoDB AUTO_INCREMENT=11 DEFAULT CHARSET=utf8mb4 COLLATE=utf8mb4_unicode_ci;
/*!40101 SET character_set_client = @saved_cs_client */;

--
-- Dumping data for table `combos`
--

LOCK TABLES `combos` WRITE;
/*!40000 ALTER TABLE `combos` DISABLE KEYS */;
INSERT INTO `combos` VALUES (8,'COMPONENTES DETERGENTE',NULL,NULL,1,'2025-07-23 00:11:44','2025-07-23 00:11:44',0.4000),(9,'COMBO EMPRENDEDOR',NULL,NULL,1,'2025-07-29 12:30:56','2025-09-02 14:13:18',0.4000),(10,'COMPONENTES JABON LIQUIDO',NULL,NULL,1,'2025-08-22 12:52:49','2025-08-22 12:52:49',0.4000);
/*!40000 ALTER TABLE `combos` ENABLE KEYS */;
UNLOCK TABLES;

--
-- Table structure for table `detalles_orden_compra`
--

DROP TABLE IF EXISTS `detalles_orden_compra`;
/*!40101 SET @saved_cs_client     = @@character_set_client */;
/*!50503 SET character_set_client = utf8mb4 */;
CREATE TABLE `detalles_orden_compra` (
  `id` int NOT NULL AUTO_INCREMENT,
  `orden_id` int NOT NULL,
  `producto_id` int NOT NULL,
  `cantidad_solicitada` decimal(15,4) NOT NULL,
  `precio_unitario_estimado` decimal(15,4) DEFAULT NULL,
  `importe_linea_estimado` decimal(15,2) DEFAULT NULL,
  `cantidad_recibida` decimal(15,4) DEFAULT NULL,
  `costo_unitario_recepcion_ars` decimal(15,4) DEFAULT NULL,
  `notas_item_recepcion` varchar(255) COLLATE utf8mb4_unicode_ci DEFAULT NULL,
  PRIMARY KEY (`id`),
  KEY `orden_id` (`orden_id`),
  KEY `producto_id` (`producto_id`),
  CONSTRAINT `detalles_orden_compra_ibfk_1` FOREIGN KEY (`orden_id`) REFERENCES `ordenes_compra` (`id`) ON DELETE CASCADE,
  CONSTRAINT `detalles_orden_compra_ibfk_2` FOREIGN KEY (`producto_id`) REFERENCES `productos` (`id`) ON DELETE RESTRICT
) ENGINE=InnoDB AUTO_INCREMENT=88 DEFAULT CHARSET=utf8mb4 COLLATE=utf8mb4_unicode_ci;
/*!40101 SET character_set_client = @saved_cs_client */;

--
-- Dumping data for table `detalles_orden_compra`
--

LOCK TABLES `detalles_orden_compra` WRITE;
/*!40000 ALTER TABLE `detalles_orden_compra` DISABLE KEYS */;
INSERT INTO `detalles_orden_compra` VALUES (1,2,4,3.0000,0.0000,0.00,0.0000,NULL,NULL),(2,3,1,2.0000,0.0000,0.00,0.0000,NULL,NULL),(3,4,1,2.0000,0.0000,0.00,0.0000,NULL,NULL),(4,5,1,1.0000,0.0000,0.00,0.0000,NULL,NULL),(5,6,1,1.0000,0.0000,0.00,0.0000,NULL,NULL),(7,8,25,5.0000,0.0000,0.00,0.0000,NULL,NULL),(8,9,15,5.0000,0.0000,0.00,450.0000,NULL,'Caja abierta'),(9,10,13,1.0000,0.0000,0.00,0.0000,NULL,NULL),(10,11,16,1.0000,0.0000,0.00,0.0000,NULL,NULL),(12,13,56,1.0000,0.0000,0.00,0.0000,NULL,NULL),(13,14,57,100.0000,0.0000,0.00,0.0000,NULL,NULL),(14,15,11,2.0000,0.0000,0.00,0.0000,NULL,NULL),(15,16,55,1.0000,0.0000,0.00,0.0000,NULL,NULL),(16,17,13,10.0000,0.0000,0.00,0.0000,NULL,NULL),(17,18,13,10.0000,0.0000,0.00,0.0000,NULL,NULL),(18,19,17,5.0000,0.0000,0.00,0.0000,NULL,NULL),(19,20,13,1.0000,0.0000,0.00,0.0000,NULL,NULL),(20,21,26,1.0000,0.0000,0.00,0.0000,NULL,NULL),(23,24,11,1.0000,0.0000,0.00,0.0000,NULL,NULL),(25,26,13,1.0000,0.0000,0.00,0.0000,NULL,NULL),(27,28,13,2.0000,0.0000,0.00,0.0000,NULL,NULL),(29,30,83,2.0000,0.0000,0.00,0.0000,NULL,NULL),(30,31,26,4.0000,100.0000,400.00,0.0000,NULL,NULL),(31,32,15,5.0000,500.0000,2500.00,0.0000,NULL,NULL),(32,33,37,7.0000,776.9900,5438.93,0.0000,NULL,NULL),(34,35,13,10.0000,5.0000,50.00,0.0000,NULL,NULL),(36,37,10,10.0000,9000.0000,90000.00,0.0000,NULL,NULL),(37,38,16,11.0000,11111.0000,122221.00,0.0000,NULL,NULL),(40,41,13,5.0000,5.0000,25.00,0.0000,NULL,NULL),(41,42,10,10.0000,500.0000,5000.00,0.0000,NULL,NULL),(42,43,11,1.0000,1.0000,1.00,0.0000,NULL,NULL),(43,44,10,12.0000,1111.0000,13332.00,0.0000,NULL,NULL),(44,45,13,10.0000,1111.0000,11110.00,NULL,NULL,NULL),(46,47,15,14.0000,150.0000,2100.00,14.0000,NULL,NULL),(47,48,16,5.0000,4.9900,24.95,NULL,NULL,NULL),(48,49,11,10.0000,100.0000,1000.00,NULL,NULL,NULL),(49,50,16,3.0000,500.0000,1500.00,NULL,NULL,NULL),(50,51,11,15.0000,123.0000,1845.00,15.0000,NULL,NULL),(51,52,16,4.0000,5.0000,20.00,4.0000,NULL,NULL),(52,53,25,6.0000,22.0000,132.00,6.0000,NULL,NULL),(53,54,15,5.0000,5.0000,25.00,4.0000,NULL,NULL),(54,55,10,10.0000,1.0000,10.00,10.0000,NULL,NULL),(55,56,16,11.0000,11.0000,121.00,5.0000,NULL,NULL),(56,57,19,10.0000,5.0000,50.00,10.0000,NULL,NULL),(58,59,11,2.0000,2.0000,4.00,2.0000,NULL,NULL),(59,60,10,112.0000,122.0000,13664.00,112.0000,NULL,NULL),(61,62,44,5.0000,16000.0000,80000.00,NULL,NULL,NULL),(62,63,11,1.0000,3500.0000,3500.00,1.0000,NULL,NULL),(63,64,17,1.0000,5600.0000,5600.00,NULL,NULL,NULL),(64,65,8,1.0000,0.9900,0.99,1.0000,NULL,NULL),(65,66,19,1.0000,1212.0000,1212.00,1.0000,NULL,NULL),(66,67,92,5000.0000,0.2400,1200.00,1.0000,NULL,NULL),(69,70,8,4.0000,12.0000,48.00,2.0000,NULL,NULL),(72,89,16,15.0000,0.0000,0.00,NULL,NULL,NULL),(75,92,17,15.0000,0.0000,0.00,NULL,NULL,NULL),(77,94,111,20.0000,1900.0000,38000.00,20.0000,NULL,NULL),(79,96,285,100.0000,99.0000,9900.00,0.0000,NULL,NULL),(80,97,61,10.0000,0.0000,0.00,5.0000,NULL,NULL),(81,98,185,2000.0000,0.0000,0.00,0.0000,NULL,NULL),(82,99,92,5000.0000,300.0000,1500000.00,4000.0000,NULL,NULL),(83,100,19,7.0000,155.0000,1085.00,0.0000,NULL,NULL),(85,102,19,1.0000,0.0000,0.00,NULL,NULL,NULL),(86,103,92,997.0000,1.0000,997.00,995.0000,NULL,NULL),(87,104,25,99.0000,50.0000,4950.00,99.0000,NULL,NULL);
/*!40000 ALTER TABLE `detalles_orden_compra` ENABLE KEYS */;
UNLOCK TABLES;

--
-- Table structure for table `detalles_venta`
--

DROP TABLE IF EXISTS `detalles_venta`;
/*!40101 SET @saved_cs_client     = @@character_set_client */;
/*!50503 SET character_set_client = utf8mb4 */;
CREATE TABLE `detalles_venta` (
  `id` int NOT NULL AUTO_INCREMENT,
  `venta_id` int NOT NULL,
  `producto_id` int NOT NULL,
  `cantidad` decimal(15,4) NOT NULL,
  `margen_aplicado` decimal(10,4) DEFAULT NULL,
  `costo_unitario_momento_ars` decimal(15,4) DEFAULT NULL,
  `coeficiente_usado` decimal(10,4) DEFAULT NULL,
  `precio_unitario_venta_ars` decimal(15,4) NOT NULL,
  `precio_total_item_ars` decimal(15,2) NOT NULL,
  `observacion_item` text COLLATE utf8mb4_unicode_ci,
  `descuento_item` decimal(5,2) DEFAULT NULL,
  PRIMARY KEY (`id`),
  KEY `venta_id` (`venta_id`),
  KEY `producto_id` (`producto_id`),
  CONSTRAINT `detalles_venta_ibfk_1` FOREIGN KEY (`venta_id`) REFERENCES `ventas` (`id`) ON DELETE CASCADE,
  CONSTRAINT `detalles_venta_ibfk_2` FOREIGN KEY (`producto_id`) REFERENCES `productos` (`id`) ON DELETE RESTRICT
) ENGINE=InnoDB AUTO_INCREMENT=5991 DEFAULT CHARSET=utf8mb4 COLLATE=utf8mb4_unicode_ci;
/*!40101 SET character_set_client = @saved_cs_client */;

--
-- Dumping data for table `detalles_venta`
--

LOCK TABLES `detalles_venta` WRITE;
/*!40000 ALTER TABLE `detalles_venta` DISABLE KEYS */;
INSERT INTO `detalles_venta` VALUES (4391,1544,51,10.0000,NULL,430.5300,NULL,813.0000,8130.00,'',NULL),(4392,1544,50,10.0000,NULL,354.4570,NULL,572.0000,5720.00,'',NULL),(4393,1544,92,10.0000,NULL,350.9000,NULL,566.0000,5660.00,'',NULL),(4394,1544,73,2.0000,NULL,750.5700,NULL,1600.0000,3200.00,'',NULL),(4395,1545,51,2.0000,NULL,430.5300,NULL,1165.0000,2330.00,'',NULL),(4396,1546,280,5.0000,NULL,273.4310,NULL,698.0000,3490.00,'',NULL),(4397,1546,92,10.0000,NULL,350.9000,NULL,566.0000,5660.00,'',NULL),(4398,1547,73,1.0000,NULL,750.5700,NULL,1600.0000,1600.00,'',NULL),(4399,1548,50,10.0000,NULL,354.4570,NULL,572.0000,5720.00,'',NULL),(4400,1548,111,10.0000,NULL,259.3340,NULL,590.0000,5900.00,'',NULL),(4401,1548,110,10.0000,NULL,1223.7500,NULL,2075.0000,20750.00,'',NULL),(4402,1548,251,1.0000,NULL,1561.9730,NULL,4520.0000,4520.00,'',NULL),(4403,1548,92,10.0000,NULL,350.9000,NULL,566.0000,5660.00,'',NULL),(4404,1548,63,1.0000,NULL,1485.0000,NULL,1770.0000,1770.00,'',NULL),(4405,1549,92,10.0000,NULL,350.9000,NULL,566.0000,5660.00,'',NULL),(4406,1550,280,5.0000,NULL,273.4310,NULL,698.0000,3490.00,'',NULL),(4407,1550,50,10.0000,NULL,354.4570,NULL,572.0000,5720.00,'',NULL),(4408,1551,51,5.0000,NULL,430.5300,NULL,870.0000,4350.00,'',NULL),(4409,1551,280,5.0000,NULL,273.4310,NULL,698.0000,3490.00,'',NULL),(4410,1551,65,1.0000,NULL,797.5000,NULL,970.0000,970.00,'',NULL),(4411,1551,73,1.0000,NULL,750.5700,NULL,1600.0000,1600.00,'',NULL),(4417,1553,51,10.0000,NULL,430.5300,NULL,813.0000,8130.00,'',NULL),(4418,1553,228,5.0000,NULL,344.5510,NULL,878.0000,4390.00,'',NULL),(4427,1555,113,20.0000,NULL,402.5900,NULL,936.5000,18730.00,'',NULL),(4428,1555,50,20.0000,NULL,354.4570,NULL,572.0000,11440.00,'',NULL),(4429,1555,92,20.0000,NULL,350.9000,NULL,566.0000,11320.00,'',NULL),(4430,1555,211,10.0000,NULL,206.5020,NULL,801.0000,8010.00,'',NULL),(4431,1555,73,8.0000,NULL,750.5700,NULL,1566.2500,12530.00,'',NULL),(4450,1557,185,20.0000,NULL,2956.2500,NULL,3968.0000,79360.00,'',NULL),(4451,1557,283,5.0000,NULL,3327.5000,NULL,5528.0000,27640.00,'',NULL),(4452,1557,234,2.0000,NULL,5926.2500,NULL,8770.0000,17540.00,'',NULL),(4453,1557,75,2.0000,NULL,5018.7500,NULL,11330.0000,22660.00,'',NULL),(4472,1559,147,200.0000,NULL,NULL,NULL,715.0000,143000.00,'',NULL),(4473,1559,189,50.0000,NULL,1925.0000,NULL,3653.6000,182680.00,'',NULL),(4474,1559,60,100.0000,NULL,200.1520,NULL,580.5000,58050.00,'',NULL),(4475,1559,65,20.0000,NULL,797.5000,NULL,913.0000,18260.00,'',NULL),(4476,1559,63,5.0000,NULL,1485.0000,NULL,1734.0000,8670.00,'',NULL),(4477,1560,92,40.0000,NULL,350.9000,NULL,566.0000,22640.00,'',NULL),(4478,1560,111,10.0000,NULL,259.3340,NULL,590.0000,5900.00,'',NULL),(4479,1560,133,10.0000,NULL,339.0900,NULL,653.0000,6530.00,'',NULL),(4480,1560,50,30.0000,NULL,354.4570,NULL,572.0000,17160.00,'',NULL),(4481,1560,161,1.0000,NULL,6063.7500,NULL,11030.0000,11030.00,'',NULL),(4490,1561,51,5.0000,NULL,430.5300,NULL,870.0000,4350.00,'',NULL),(4491,1561,210,5.0000,NULL,191.1350,NULL,456.0000,2280.00,'',NULL),(4492,1561,222,5.0000,NULL,570.3570,NULL,2594.0000,12970.00,'',NULL),(4493,1561,73,1.0000,NULL,750.5700,NULL,1600.0000,1600.00,'',NULL),(4494,1562,51,10.0000,NULL,430.5300,NULL,813.0000,8130.00,'',NULL),(4495,1562,111,10.0000,NULL,259.3340,NULL,590.0000,5900.00,'',NULL),(4496,1562,123,5.0000,NULL,768.4770,NULL,1672.0000,8360.00,'',NULL),(4497,1562,252,5.0000,NULL,1492.6310,NULL,3246.0000,16230.00,'',NULL),(4498,1562,149,1.0000,NULL,6063.7500,NULL,11030.0000,11030.00,'',NULL),(4499,1562,256,5.0000,NULL,761.4920,NULL,1814.0000,0.00,'',NULL),(4500,1563,51,4.0000,NULL,430.5300,NULL,1162.5000,4650.00,'',NULL),(4501,1564,51,5.0000,NULL,430.5300,NULL,870.0000,4350.00,'',NULL),(4502,1564,92,3.0000,NULL,350.9000,NULL,810.0000,2430.00,'',NULL),(4503,1565,50,10.0000,NULL,354.4570,NULL,572.0000,5720.00,'',NULL),(4504,1565,51,15.0000,NULL,430.5300,NULL,812.6700,12190.00,'',NULL),(4505,1565,92,10.0000,NULL,350.9000,NULL,566.0000,5660.00,'',NULL),(4506,1565,279,10.0000,NULL,248.9200,NULL,608.0000,6080.00,'',NULL),(4507,1565,200,5.0000,NULL,271.9070,NULL,850.0000,4250.00,'',NULL),(4508,1565,198,5.0000,NULL,271.9070,NULL,850.0000,4250.00,'',NULL),(4509,1565,133,5.0000,NULL,339.0900,NULL,698.0000,3490.00,'',NULL),(4510,1565,256,5.0000,NULL,761.4920,NULL,1814.0000,9070.00,'',NULL),(4511,1566,51,20.0000,NULL,430.5300,NULL,812.5000,16250.00,'',NULL),(4512,1566,280,10.0000,NULL,273.4310,NULL,652.0000,6520.00,'',NULL),(4513,1567,92,5.0000,NULL,350.9000,NULL,606.0000,3030.00,'',NULL),(4514,1568,210,5.0000,NULL,191.1350,NULL,456.0000,2280.00,'',NULL),(4515,1568,73,1.0000,NULL,750.5700,NULL,1600.0000,1600.00,'',NULL),(4516,1569,163,1.0000,NULL,6063.7500,NULL,11030.0000,11030.00,'',NULL),(4517,1569,176,1.0000,NULL,6063.7500,NULL,11670.0000,11670.00,'',NULL),(4518,1569,165,1.0000,NULL,6063.7500,NULL,11030.0000,11030.00,'',NULL),(4519,1570,51,10.0000,NULL,430.5300,NULL,813.0000,8130.00,'',NULL),(4520,1570,92,5.0000,NULL,350.9000,NULL,606.0000,3030.00,'',NULL),(4521,1571,251,5.0000,NULL,1561.9730,NULL,3396.0000,16980.00,'',NULL),(4522,1571,50,10.0000,NULL,354.4570,NULL,572.0000,5720.00,'',NULL),(4523,1572,210,2.0000,NULL,191.1350,NULL,610.0000,1220.00,'',NULL),(4524,1572,51,2.0000,NULL,430.5300,NULL,1165.0000,2330.00,'',NULL),(4525,1572,111,2.0000,NULL,259.3340,NULL,845.0000,1690.00,'',NULL),(4526,1573,228,2.0000,NULL,344.5510,NULL,1175.0000,2350.00,'',NULL),(4527,1573,210,2.0000,NULL,191.1350,NULL,610.0000,1220.00,'',NULL),(4529,1574,228,5.0000,NULL,344.5510,NULL,878.0000,4390.00,'',NULL),(4530,1575,51,10.0000,NULL,430.5300,NULL,813.0000,8130.00,'',NULL),(4531,1575,92,20.0000,NULL,350.9000,NULL,566.0000,11320.00,'',NULL),(4532,1575,50,30.0000,NULL,354.4570,NULL,572.0000,17160.00,'',NULL),(4533,1575,111,10.0000,NULL,259.3340,NULL,590.0000,5900.00,'',NULL),(4534,1575,163,0.5000,NULL,6063.7500,NULL,12360.0000,6180.00,'',NULL),(4535,1575,228,10.0000,NULL,344.5510,NULL,821.0000,8210.00,'',NULL),(4536,1575,127,5.0000,NULL,257.3020,NULL,696.0000,3480.00,'',NULL),(4537,1575,120,5.0000,NULL,259.9690,NULL,704.0000,3520.00,'',NULL),(4538,1576,194,0.1000,NULL,35653.7500,NULL,76800.0000,7680.00,'',NULL),(4539,1577,50,20.0000,NULL,354.4570,NULL,572.0000,11440.00,'',NULL),(4540,1578,92,7.5000,NULL,350.9000,NULL,606.6700,4550.00,'',NULL),(4541,1579,111,100.0000,NULL,259.3340,NULL,548.2000,54820.00,'',NULL),(4542,1579,234,5.0000,NULL,5926.2500,NULL,8526.0000,42630.00,'',NULL),(4543,1579,42,20.0000,NULL,1265.0000,NULL,1782.0000,35640.00,'',NULL),(4552,1581,264,0.5000,NULL,3228.5000,NULL,7700.0000,3850.00,'',NULL),(4553,1581,51,5.0000,NULL,430.5300,NULL,870.0000,4350.00,'',NULL),(4554,1582,210,5.0000,NULL,191.1350,NULL,456.0000,2280.00,'',NULL),(4555,1582,50,5.0000,NULL,354.4570,NULL,612.0000,3060.00,'',NULL),(4556,1582,111,5.0000,NULL,259.3340,NULL,632.0000,3160.00,'',NULL),(4557,1583,92,2.0000,NULL,350.9000,NULL,810.0000,1620.00,'',NULL),(4558,1584,111,30.0000,NULL,259.3340,NULL,589.6700,17690.00,'',NULL),(4559,1584,113,20.0000,NULL,402.5900,NULL,936.5000,18730.00,'',NULL),(4560,1584,228,20.0000,NULL,344.5510,NULL,820.5000,16410.00,'',NULL),(4561,1584,280,10.0000,NULL,273.4310,NULL,652.0000,6520.00,'',NULL),(4562,1584,279,10.0000,NULL,248.9200,NULL,608.0000,6080.00,'',NULL),(4563,1584,194,0.2500,NULL,35653.7500,NULL,61440.0000,15360.00,'',NULL),(4564,1585,228,2.0000,NULL,344.5510,NULL,1175.0000,2350.00,'',NULL),(4570,1586,251,1.0000,NULL,1561.9730,NULL,4520.0000,4520.00,'',NULL),(4571,1586,314,1.0000,NULL,921.2500,NULL,1490.0000,1490.00,'',NULL),(4572,1587,228,5.0000,NULL,344.5510,NULL,878.0000,4390.00,'',NULL),(4573,1587,92,5.0000,NULL,350.9000,NULL,606.0000,3030.00,'',NULL),(4574,1587,65,1.0000,NULL,797.5000,NULL,970.0000,970.00,'',NULL),(4575,1588,51,20.0000,NULL,430.5300,NULL,812.5000,16250.00,'',NULL),(4576,1588,111,5.0000,NULL,259.3340,NULL,632.0000,3160.00,'',NULL),(4577,1588,92,15.0000,NULL,350.9000,NULL,566.0000,8490.00,'',NULL),(4578,1589,73,10.0000,NULL,750.5700,NULL,1518.0000,15180.00,'',NULL),(4589,1591,92,15.0000,NULL,350.9000,NULL,566.0000,8490.00,'',NULL),(4600,1592,247,1.0000,NULL,1718.7500,NULL,3740.0000,3740.00,'',NULL),(4601,1592,51,5.0000,NULL,430.5300,NULL,870.0000,4350.00,'',NULL),(4602,1592,65,1.0000,NULL,797.5000,NULL,970.0000,970.00,'',NULL),(4608,1593,51,5.0000,NULL,430.5300,NULL,870.0000,4350.00,'',NULL),(4609,1593,73,1.0000,NULL,750.5700,NULL,1600.0000,1600.00,'',NULL),(4620,1590,92,50.0000,NULL,350.9000,NULL,549.0000,27450.00,'',NULL),(4621,1590,50,30.0000,NULL,354.4570,NULL,572.0000,17160.00,'',NULL),(4622,1590,228,10.0000,NULL,344.5510,NULL,821.0000,8210.00,'',NULL),(4623,1590,73,4.0000,NULL,750.5700,NULL,1597.5000,6390.00,'',NULL),(4624,1590,171,1.0000,NULL,6063.7500,NULL,11030.0000,11030.00,'',NULL),(4625,1594,264,1.0000,NULL,3228.5000,NULL,6870.0000,6870.00,'',NULL),(4627,1596,264,0.2500,NULL,3228.5000,NULL,7720.0000,1930.00,'',NULL),(4628,1596,92,2.0000,NULL,350.9000,NULL,810.0000,1620.00,'',NULL),(4629,1597,111,120.0000,NULL,259.3340,NULL,548.1700,65780.00,'',NULL),(4630,1597,279,60.0000,NULL,248.9200,NULL,589.0000,35340.00,'',NULL),(4631,1597,189,1.0000,NULL,1925.0000,NULL,3930.0000,3930.00,'',NULL),(4632,1597,99,1.0000,NULL,2365.0000,NULL,4830.0000,4830.00,'',NULL),(4633,1597,234,1.0000,NULL,5926.2500,NULL,8770.0000,8770.00,'',NULL),(4634,1597,283,1.0000,NULL,3327.5000,NULL,5640.0000,5640.00,'',NULL),(4635,1597,24,0.1000,NULL,28352.5000,NULL,57600.0000,5760.00,'',NULL),(4636,1597,13,0.1000,NULL,26730.0000,NULL,54300.0000,5430.00,'',NULL),(4637,1597,26,0.1000,NULL,12457.5000,NULL,25300.0000,2530.00,'',NULL),(4640,1599,123,1.0000,NULL,768.4770,NULL,2230.0000,2230.00,'',NULL),(4641,1599,228,1.0000,NULL,344.5510,NULL,1180.0000,1180.00,'',NULL),(4642,1599,73,1.0000,NULL,750.5700,NULL,1600.0000,1600.00,'',NULL),(4653,1602,92,20.0000,NULL,350.9000,NULL,566.0000,11320.00,'',NULL),(4654,1603,210,10.0000,NULL,191.1350,NULL,425.0000,4250.00,'',NULL),(4655,1603,73,1.0000,NULL,750.5700,NULL,1600.0000,1600.00,'',NULL),(4656,1604,51,20.0000,NULL,430.5300,NULL,812.5000,16250.00,'',NULL),(4657,1604,92,10.0000,NULL,350.9000,NULL,566.0000,5660.00,'',NULL),(4658,1604,120,5.0000,NULL,259.9690,NULL,704.0000,3520.00,'',NULL),(4659,1604,111,10.0000,NULL,259.3340,NULL,590.0000,5900.00,'',NULL),(4660,1605,228,1.0000,NULL,344.5510,NULL,1180.0000,1180.00,'',NULL),(4661,1605,73,1.0000,NULL,750.5700,NULL,1600.0000,1600.00,'',NULL),(4662,1605,51,2.0000,NULL,430.5300,NULL,1165.0000,2330.00,'',NULL),(4663,1606,209,10.0000,NULL,2378.0625,NULL,5021.0000,50210.00,'',NULL),(4664,1607,280,10.0000,NULL,273.4310,NULL,652.0000,6520.00,'',NULL),(4665,1607,113,10.0000,NULL,402.5900,NULL,937.0000,9370.00,'',NULL),(4666,1608,73,2.0000,NULL,750.5700,NULL,1600.0000,3200.00,'2',NULL),(4667,1608,92,10.0000,NULL,350.9000,NULL,566.0000,5660.00,'',NULL),(4669,1610,51,5.0000,NULL,430.5300,NULL,870.0000,4350.00,'',NULL),(4670,1610,280,2.0000,NULL,273.4310,NULL,935.0000,1870.00,'',NULL),(4671,1611,274,2.0000,NULL,244.4750,NULL,1440.0000,2880.00,'',NULL),(4672,1611,264,1.5000,NULL,3228.5000,NULL,6873.3300,10310.00,'',NULL),(4673,1612,13,0.2500,NULL,26730.0000,NULL,43400.0000,10850.00,'',NULL),(4674,1612,24,0.1000,NULL,28352.5000,NULL,57600.0000,5760.00,'',NULL),(4675,1612,17,0.1000,NULL,24750.0000,NULL,50300.0000,5030.00,'',NULL),(4676,1612,21,0.1000,NULL,26730.0000,NULL,54300.0000,5430.00,'',NULL),(4677,1612,16,0.1000,NULL,23801.2500,NULL,48300.0000,4830.00,'',NULL),(4678,1612,29,0.1000,NULL,28352.5000,NULL,57600.0000,5760.00,'',NULL),(4679,1612,234,1.0000,NULL,5926.2500,NULL,8770.0000,8770.00,'',NULL),(4680,1612,99,2.0000,NULL,2365.0000,NULL,4830.0000,9660.00,'',NULL),(4681,1612,42,1.0000,NULL,1265.0000,NULL,1880.0000,1880.00,'',NULL),(4682,1613,94,1.0000,NULL,6050.0000,NULL,10090.0000,10090.00,'',NULL),(4684,1556,288,10.0000,NULL,337.7000,NULL,1478.0000,14780.00,'',NULL),(4685,1556,41,5.0000,NULL,2447.5000,NULL,4798.0000,23990.00,'',NULL),(4686,1556,62,1.0000,NULL,3575.0000,NULL,5770.0000,5770.00,'',NULL),(4687,1556,88,10.0000,NULL,855.8530,NULL,1561.0000,15610.00,'',NULL),(4688,1556,73,10.0000,NULL,750.5700,NULL,1518.0000,15180.00,'',NULL),(4689,1556,228,10.0000,NULL,344.5510,NULL,821.0000,8210.00,'',NULL),(4690,1556,200,5.0000,NULL,271.9070,NULL,850.0000,4250.00,'',NULL),(4691,1556,111,20.0000,NULL,259.3340,NULL,589.5000,11790.00,'',NULL),(4692,1556,279,20.0000,NULL,248.9200,NULL,607.5000,12150.00,'',NULL),(4693,1554,51,10.0000,NULL,430.5300,NULL,813.0000,8130.00,'',NULL),(4694,1554,50,30.0000,NULL,354.4570,NULL,572.0000,17160.00,'',NULL),(4695,1554,279,10.0000,NULL,248.9200,NULL,608.0000,6080.00,'',NULL),(4696,1554,88,5.0000,NULL,855.8530,NULL,1680.0000,8400.00,'',NULL),(4697,1554,92,35.0000,NULL,350.9000,NULL,566.0000,19810.00,'',NULL),(4700,1615,234,1.0000,NULL,5926.2500,NULL,8770.0000,8770.00,'',NULL),(4701,1615,42,1.0000,NULL,1265.0000,NULL,1880.0000,1880.00,'',NULL),(4702,1615,24,0.1000,NULL,28352.5000,NULL,57600.0000,5760.00,'',NULL),(4703,1615,21,0.1000,NULL,26730.0000,NULL,54300.0000,5430.00,'',NULL),(4704,1615,13,0.2500,NULL,26730.0000,NULL,43400.0000,10850.00,'',NULL),(4705,1615,29,0.1000,NULL,28352.5000,NULL,57600.0000,5760.00,'',NULL),(4706,1615,99,2.0000,NULL,2365.0000,NULL,4830.0000,9660.00,'',NULL),(4707,1615,17,0.1000,NULL,24750.0000,NULL,50300.0000,5030.00,'',NULL),(4716,1616,92,20.0000,NULL,350.9000,NULL,566.0000,11320.00,'',NULL),(4717,1616,51,5.0000,NULL,430.5300,NULL,870.0000,4350.00,'',NULL),(4718,1616,111,5.0000,NULL,259.3340,NULL,632.0000,3160.00,'',NULL),(4719,1616,110,5.0000,NULL,1223.7500,NULL,2220.0000,11100.00,'',NULL),(4720,1616,251,1.0000,NULL,1561.9730,NULL,4520.0000,4520.00,'',NULL),(4721,1616,256,1.0000,NULL,761.4920,NULL,2420.0000,2420.00,'',NULL),(4722,1616,277,1.0000,NULL,481.2500,NULL,780.0000,780.00,'',NULL),(4727,1617,161,1.0000,NULL,6063.7500,NULL,11030.0000,11030.00,'',NULL),(4728,1617,167,1.0000,NULL,6063.7500,NULL,11030.0000,11030.00,'',NULL),(4730,1619,92,10.0000,NULL,350.9000,NULL,566.0000,5660.00,'',0.00),(4731,1619,110,5.0000,NULL,1223.7500,NULL,2220.0000,11100.00,'',0.00),(4732,1619,65,3.0000,NULL,797.5000,NULL,963.3300,2890.00,'',0.00),(4733,1620,51,10.0000,NULL,430.5300,NULL,813.0000,8130.00,'',0.00),(4734,1620,92,5.0000,NULL,350.9000,NULL,606.0000,3030.00,'',0.00),(4735,1620,280,5.0000,NULL,273.4310,NULL,698.0000,3490.00,'',0.00),(4736,1621,280,10.0000,NULL,273.4310,NULL,652.0000,6520.00,'',0.00),(4737,1621,200,5.0000,NULL,271.9070,NULL,850.0000,4250.00,'',0.00),(4738,1621,149,0.5000,NULL,6063.7500,NULL,12360.0000,6180.00,'',0.00),(4739,1622,50,5.0000,NULL,354.4570,NULL,612.0000,3060.00,'',0.00),(4740,1623,92,10.0000,NULL,350.9000,NULL,566.0000,5660.00,'',0.00),(4741,1623,228,5.0000,NULL,344.5510,NULL,878.0000,4390.00,'',0.00),(4742,1623,73,2.0000,NULL,750.5700,NULL,1600.0000,3200.00,'',0.00),(4743,1624,264,1.0000,NULL,3228.5000,NULL,6870.0000,6870.00,'',0.00),(4744,1625,198,2.0000,NULL,271.9070,NULL,1135.0000,2270.00,'',0.00),(4745,1626,198,2.0000,NULL,271.9070,NULL,1135.0000,2270.00,'',0.00),(4751,1629,228,5.0000,NULL,344.5510,NULL,878.0000,4390.00,'',0.00),(4752,1630,51,15.0000,NULL,430.5300,NULL,812.6700,12190.00,'',0.00),(4753,1630,92,7.0000,NULL,350.9000,NULL,605.7100,4240.00,'',0.00),(4754,1630,280,10.0000,NULL,273.4310,NULL,652.0000,6520.00,'',0.00),(4755,1631,92,10.0000,NULL,350.9000,NULL,566.0000,5660.00,'',0.00),(4756,1631,228,10.0000,NULL,344.5510,NULL,821.0000,8210.00,'',0.00),(4757,1632,51,5.0000,NULL,430.5300,NULL,870.0000,4350.00,'',0.00),(4758,1632,157,0.5000,NULL,6063.7500,NULL,12360.0000,6180.00,'',0.00),(4759,1633,92,10.0000,NULL,350.9000,NULL,566.0000,5660.00,'',0.00),(4760,1633,73,2.0000,NULL,750.5700,NULL,1600.0000,3200.00,'',0.00),(4761,1634,50,10.0000,NULL,354.4570,NULL,572.0000,5720.00,'',0.00),(4762,1634,255,1.0000,NULL,0.0000,NULL,0.0000,0.00,'',0.00),(4763,1634,220,1.0000,NULL,399.1610,NULL,2220.0000,2220.00,'',0.00),(4764,1635,111,10.0000,NULL,259.3340,NULL,590.0000,5900.00,'',0.00),(4765,1635,51,10.0000,NULL,430.5300,NULL,813.0000,8130.00,'',0.00),(4766,1635,92,10.0000,NULL,350.9000,NULL,566.0000,5660.00,'',0.00),(4767,1635,228,10.0000,NULL,344.5510,NULL,821.0000,8210.00,'',0.00),(4768,1635,73,5.0000,NULL,750.5700,NULL,1566.0000,7830.00,'',0.00),(4769,1636,228,5.0000,NULL,344.5510,NULL,878.0000,4390.00,'',0.00),(4770,1637,92,5.0000,NULL,350.9000,NULL,606.0000,3030.00,'',0.00),(4771,1637,110,5.0000,NULL,1223.7500,NULL,2220.0000,11100.00,'',0.00),(4772,1637,65,2.0000,NULL,797.5000,NULL,965.0000,1930.00,'',0.00),(4773,1638,51,1.0000,NULL,430.5300,NULL,1170.0000,1170.00,'',0.00),(4790,1600,280,50.0000,NULL,273.4310,NULL,631.6000,31580.00,'',0.00),(4791,1600,153,1.0000,NULL,6063.7500,NULL,11030.0000,11030.00,'',0.00),(4792,1600,153,1.0000,NULL,6063.7500,NULL,11030.0000,11030.00,'',0.00),(4793,1600,171,1.0000,NULL,6063.7500,NULL,11030.0000,11030.00,'',0.00),(4794,1639,51,5.0000,NULL,430.5300,NULL,870.0000,4350.00,'',0.00),(4795,1639,92,5.0000,NULL,350.9000,NULL,606.0000,3030.00,'',0.00),(4796,1640,113,5.0000,NULL,402.5900,NULL,1002.0000,5010.00,'',0.00),(4797,1641,92,5.0000,NULL,350.9000,NULL,606.0000,3030.00,'',0.00),(4798,1641,73,1.0000,NULL,750.5700,NULL,1600.0000,1600.00,'',0.00),(4799,1642,252,1.0000,NULL,1492.6310,NULL,4320.0000,4320.00,'',0.00),(4800,1642,92,10.0000,NULL,350.9000,NULL,566.0000,5660.00,'',0.00),(4801,1642,51,5.0000,NULL,430.5300,NULL,870.0000,4350.00,'',0.00),(4802,1642,167,0.2500,NULL,6063.7500,NULL,12360.0000,3090.00,'',0.00),(4803,1643,185,23.0000,NULL,2956.2500,NULL,3967.8300,91260.00,'',0.00),(4804,1643,189,1.0000,NULL,1925.0000,NULL,3930.0000,3930.00,'',0.00),(4805,1643,234,1.0000,NULL,5926.2500,NULL,8770.0000,8770.00,'',0.00),(4806,1643,1003,1.0000,NULL,29356.2500,NULL,42550.0000,42550.00,'',0.00),(4807,1643,35,1.0000,NULL,26840.0000,NULL,38900.0000,38900.00,'',0.00),(4808,1643,42,2.0000,NULL,1265.0000,NULL,1875.0000,3750.00,'',0.00),(4809,1643,245,2.0000,NULL,8937.5000,NULL,12860.0000,25720.00,'',0.00),(4810,1644,92,5.0000,NULL,350.9000,NULL,606.0000,3030.00,'',0.00),(4811,1644,73,1.0000,NULL,750.5700,NULL,1600.0000,1600.00,'',0.00),(4812,1645,92,5.0000,NULL,350.9000,NULL,606.0000,3030.00,'',0.00),(4813,1645,73,1.0000,NULL,750.5700,NULL,1600.0000,1600.00,'',0.00),(4814,1646,92,5.0000,NULL,350.9000,NULL,606.0000,3030.00,'',0.00),(4815,1646,113,5.0000,NULL,402.5900,NULL,1002.0000,5010.00,'',0.00),(4816,1646,73,2.0000,NULL,750.5700,NULL,1600.0000,3200.00,'',0.00),(4817,1647,111,2.0000,NULL,259.3340,NULL,845.0000,1690.00,'',0.00),(4818,1647,50,2.0000,NULL,354.4570,NULL,820.0000,1640.00,'',0.00),(4819,1647,73,1.0000,NULL,750.5700,NULL,1600.0000,1600.00,'',0.00),(4820,1648,315,1.0000,NULL,2282.5000,NULL,3690.0000,3690.00,'',0.00),(4827,1651,92,30.0000,NULL,350.9000,NULL,566.0000,16980.00,'',0.00),(4828,1652,92,5.0000,NULL,350.9000,NULL,606.0000,3030.00,'',0.00),(4829,1652,237,1.0000,NULL,3378.2000,NULL,5450.0000,5450.00,'',0.00),(4830,1653,133,5.0000,NULL,339.0900,NULL,698.0000,3490.00,'',0.00),(4831,1654,50,10.0000,NULL,354.4570,NULL,572.0000,5720.00,'',0.00),(4832,1655,111,1.7500,NULL,259.3340,NULL,845.7100,1480.00,'',0.00),(4833,1655,73,1.0000,NULL,750.5700,NULL,1600.0000,1600.00,'',0.00),(4834,1656,92,15.0000,NULL,350.9000,NULL,566.0000,8490.00,'',0.00),(4835,1656,272,10.0000,NULL,188.5950,NULL,924.0000,9240.00,'',0.00),(4836,1656,111,10.0000,NULL,259.3340,NULL,590.0000,5900.00,'',0.00),(4837,1656,123,2.0000,NULL,768.4770,NULL,2225.0000,4450.00,'',0.00),(4838,1656,194,1.0000,NULL,35653.7500,NULL,54860.0000,54860.00,'',0.00),(4839,1657,92,10.0000,NULL,350.9000,NULL,566.0000,5660.00,'',0.00),(4840,1657,73,2.0000,NULL,750.5700,NULL,1600.0000,3200.00,'',0.00),(4841,1658,111,10.0000,NULL,259.3340,NULL,590.0000,5900.00,'',0.00),(4842,1658,50,10.0000,NULL,354.4570,NULL,572.0000,5720.00,'',0.00),(4843,1659,228,2.0000,NULL,344.5510,NULL,1175.0000,2350.00,'',0.00),(4844,1660,171,1.0000,NULL,6063.7500,NULL,11030.0000,11030.00,'',0.00),(4845,1660,92,30.0000,NULL,350.9000,NULL,566.0000,16980.00,'',0.00),(4846,1660,51,20.0000,NULL,430.5300,NULL,812.5000,16250.00,'',0.00),(4847,1660,228,5.0000,NULL,344.5510,NULL,878.0000,4390.00,'',0.00),(4848,1661,51,5.0000,NULL,430.5300,NULL,870.0000,4350.00,'',0.00),(4849,1661,123,2.0000,NULL,768.4770,NULL,2225.0000,4450.00,'',0.00),(4850,1661,73,2.0000,NULL,750.5700,NULL,1600.0000,3200.00,'',0.00),(4851,1662,111,25.0000,NULL,259.3340,NULL,589.6000,14740.00,'',0.00),(4852,1662,280,25.0000,NULL,273.4310,NULL,651.2000,16280.00,'',0.00),(4853,1663,92,10.0000,NULL,350.9000,NULL,566.0000,5660.00,'',0.00),(4854,1663,50,10.0000,NULL,354.4570,NULL,572.0000,5720.00,'',0.00),(4855,1663,51,10.0000,NULL,430.5300,NULL,813.0000,8130.00,'',0.00),(4856,1663,111,10.0000,NULL,259.3340,NULL,590.0000,5900.00,'',0.00),(4857,1664,251,1.0000,NULL,1561.9730,NULL,4520.0000,4520.00,'',0.00),(4858,1664,210,5.0000,NULL,191.1350,NULL,456.0000,2280.00,'',0.00),(4859,1664,73,1.0000,NULL,750.5700,NULL,1600.0000,1600.00,'',0.00),(4860,1664,247,1.0000,NULL,1718.7500,NULL,3740.0000,3740.00,'',0.00),(4861,1665,234,1.0000,NULL,5926.2500,NULL,8770.0000,8770.00,'',0.00),(4862,1665,42,1.0000,NULL,1265.0000,NULL,1880.0000,1880.00,'',0.00),(4863,1665,69,1.0000,NULL,508.7500,NULL,830.0000,830.00,'',0.00),(4864,1665,65,2.0000,NULL,797.5000,NULL,965.0000,1930.00,'',0.00),(4865,1666,51,5.0000,NULL,430.5300,NULL,870.0000,4350.00,'',0.00),(4866,1666,280,5.0000,NULL,273.4310,NULL,698.0000,3490.00,'',0.00),(4867,1667,264,0.6000,NULL,3228.5000,NULL,7700.0000,4620.00,'',0.00),(4868,1668,51,5.0000,NULL,430.5300,NULL,870.0000,4350.00,'',0.00),(4869,1668,210,1.0000,NULL,191.1350,NULL,610.0000,610.00,'',0.00),(4870,1668,113,2.0000,NULL,402.5900,NULL,1340.0000,2680.00,'',0.00),(4871,1669,113,10.0000,NULL,402.5900,NULL,937.0000,9370.00,'',0.00),(4872,1670,264,3.0000,NULL,3228.5000,NULL,6870.0000,20610.00,'',0.00),(4873,1670,65,1.0000,NULL,797.5000,NULL,970.0000,970.00,'',0.00),(4874,1671,210,5.0000,NULL,191.1350,NULL,456.0000,2280.00,'',0.00),(4875,1671,65,1.0000,NULL,797.5000,NULL,970.0000,970.00,'',0.00),(4876,1672,51,20.0000,NULL,430.5300,NULL,812.5000,16250.00,'',0.00),(4877,1672,111,10.0000,NULL,259.3340,NULL,590.0000,5900.00,'',0.00),(4879,1674,92,60.0000,NULL,350.9000,NULL,549.0000,32940.00,'',0.00),(4880,1675,50,5.0000,NULL,354.4570,NULL,612.0000,3060.00,'',0.00),(4881,1676,51,5.0000,NULL,430.5300,NULL,870.0000,4350.00,'',0.00),(4882,1676,264,1.0000,NULL,3228.5000,NULL,6870.0000,6870.00,'',0.00),(4883,1677,51,5.0000,NULL,430.5300,NULL,870.0000,4350.00,'',0.00),(4884,1677,133,5.0000,NULL,339.0900,NULL,698.0000,3490.00,'',0.00),(4885,1677,73,2.0000,NULL,750.5700,NULL,1600.0000,3200.00,'',0.00),(4886,1678,210,20.0000,NULL,191.1350,NULL,425.0000,8500.00,'',0.00),(4887,1678,228,30.0000,NULL,344.5510,NULL,820.6700,24620.00,'',0.00),(4888,1679,51,20.0000,NULL,430.5300,NULL,812.5000,16250.00,'',0.00),(4889,1679,228,5.0000,NULL,344.5510,NULL,878.0000,4390.00,'',0.00),(4890,1679,111,5.0000,NULL,259.3340,NULL,632.0000,3160.00,'',0.00),(4891,1679,210,5.0000,NULL,191.1350,NULL,456.0000,2280.00,'',0.00),(4892,1680,92,20.0000,NULL,350.9000,NULL,566.0000,11320.00,'',0.00),(4893,1680,149,0.2500,NULL,6063.7500,NULL,12360.0000,3090.00,'',0.00),(4894,1680,161,0.2500,NULL,6063.7500,NULL,12360.0000,3090.00,'',0.00),(4895,1681,200,10.0000,NULL,271.9070,NULL,791.0000,7910.00,'',0.00),(4896,1681,31,0.1000,NULL,12457.5000,NULL,25300.0000,2530.00,'',0.00),(4897,1682,92,15.0000,NULL,350.9000,NULL,566.0000,8490.00,'',0.00),(4898,1682,51,10.0000,NULL,430.5300,NULL,813.0000,8130.00,'',0.00),(4899,1683,264,2.0000,NULL,3228.5000,NULL,6870.0000,13740.00,'',0.00),(4900,1683,90,1.0000,NULL,2699.3850,NULL,5750.0000,5750.00,'',0.00),(4901,1684,51,10.0000,NULL,430.5300,NULL,813.0000,8130.00,'',0.00),(4902,1684,279,10.0000,NULL,248.9200,NULL,608.0000,6080.00,'',0.00),(4903,1685,65,4.0000,NULL,797.5000,NULL,962.5000,3850.00,'',0.00),(4904,1686,110,10.0000,NULL,1223.7500,NULL,2075.0000,20750.00,'',0.00),(4905,1686,125,5.0000,NULL,854.5830,NULL,1858.0000,9290.00,'',0.00),(4906,1687,92,10.0000,NULL,350.9000,NULL,566.0000,5660.00,'',0.00),(4907,1687,65,1.0000,NULL,797.5000,NULL,970.0000,970.00,'',0.00),(4908,1688,256,1.0000,NULL,761.4920,NULL,2420.0000,2420.00,'',0.00),(4909,1688,73,1.0000,NULL,750.5700,NULL,1600.0000,1600.00,'',0.00),(4910,1689,113,40.0000,NULL,402.5900,NULL,936.5000,37460.00,'',0.00),(4911,1689,92,20.0000,NULL,350.9000,NULL,566.0000,11320.00,'',0.00),(4912,1689,274,5.0000,NULL,244.4750,NULL,1080.0000,5400.00,'',0.00),(4913,1689,73,1.0000,NULL,750.5700,NULL,1600.0000,1600.00,'',0.00),(4914,1689,63,2.0000,NULL,1485.0000,NULL,1770.0000,3540.00,'',0.00),(4915,1689,65,1.0000,NULL,797.5000,NULL,970.0000,970.00,'',0.00),(4916,1690,245,1.0000,NULL,8937.5000,NULL,12860.0000,12860.00,'',0.00),(4917,1690,185,12.0000,NULL,2956.2500,NULL,3968.3300,47620.00,'',0.00),(4918,1691,280,5.0000,NULL,273.4310,NULL,698.0000,3490.00,'',0.00),(4919,1691,51,5.0000,NULL,430.5300,NULL,870.0000,4350.00,'',0.00),(4920,1691,65,1.0000,NULL,797.5000,NULL,970.0000,970.00,'',0.00),(4921,1691,73,1.0000,NULL,750.5700,NULL,1600.0000,1600.00,'',0.00),(4922,1692,50,20.0000,NULL,354.4570,NULL,572.0000,11440.00,'',0.00),(4923,1692,92,10.0000,NULL,350.9000,NULL,566.0000,5660.00,'',0.00),(4924,1693,92,10.0000,NULL,350.9000,NULL,566.0000,5660.00,'',0.00),(4925,1693,50,30.0000,NULL,354.4570,NULL,572.0000,17160.00,'',0.00),(4927,1695,92,5.0000,NULL,350.9000,NULL,606.0000,3030.00,'',0.00),(4928,1695,113,5.0000,NULL,402.5900,NULL,1002.0000,5010.00,'',0.00),(4929,1695,73,1.0000,NULL,750.5700,NULL,1600.0000,1600.00,'',0.00),(4930,1696,292,1.0000,NULL,4125.0000,NULL,6030.0000,6030.00,'',0.00),(4931,1696,185,7.0000,NULL,2956.2500,NULL,4085.7100,28600.00,'',0.00),(4932,1696,33,0.1000,NULL,34100.0000,NULL,69200.0000,6920.00,'',0.00),(4933,1696,264,1.0000,NULL,3228.5000,NULL,6870.0000,6870.00,'',0.00),(4934,1696,149,0.2500,NULL,6063.7500,NULL,12360.0000,3090.00,'',0.00),(4935,1696,157,0.2500,NULL,6063.7500,NULL,12360.0000,3090.00,'',0.00),(4936,1696,155,0.2500,NULL,6063.7500,NULL,13080.0000,3270.00,'',0.00),(4937,1696,269,6.0000,NULL,192.5000,NULL,943.3300,5660.00,'',0.00),(4938,1697,314,1.0000,NULL,921.2500,NULL,1490.0000,1490.00,'',0.00),(4939,1697,50,1.7500,NULL,354.4570,NULL,822.8600,1440.00,'',0.00),(4940,1698,92,5.0000,NULL,350.9000,NULL,606.0000,3030.00,'',0.00),(4941,1698,123,5.0000,NULL,768.4770,NULL,1672.0000,8360.00,'',0.00),(4949,1700,92,10.0000,NULL,350.9000,NULL,566.0000,5660.00,'',0.00),(4950,1700,50,20.0000,NULL,354.4570,NULL,572.0000,11440.00,'',0.00),(4951,1700,111,15.0000,NULL,259.3340,NULL,590.0000,8850.00,'',0.00),(4952,1700,149,0.2500,NULL,6063.7500,NULL,12360.0000,3090.00,'',0.00),(4961,1703,113,60.0000,NULL,402.5900,NULL,908.3300,54500.00,'',0.00),(4962,1703,280,50.0000,NULL,273.4310,NULL,631.6000,31580.00,'',0.00),(4963,1703,51,10.0000,NULL,430.5300,NULL,813.0000,8130.00,'',0.00),(4964,1703,220,5.0000,NULL,399.1610,NULL,1664.0000,8320.00,'',0.00),(4965,1703,256,5.0000,NULL,761.4920,NULL,1814.0000,9070.00,'',0.00),(4966,1703,123,10.0000,NULL,768.4770,NULL,1554.0000,15540.00,'',0.00),(4967,1703,163,0.5000,NULL,6063.7500,NULL,12360.0000,6180.00,'',0.00),(4968,1704,99,2.0000,NULL,2365.0000,NULL,4830.0000,9660.00,'',0.00),(4969,1704,65,1.0000,NULL,797.5000,NULL,970.0000,970.00,'',0.00),(4970,1705,50,6.5000,NULL,354.4570,NULL,612.3100,3980.00,'',0.00),(4971,1706,92,5.0000,NULL,350.9000,NULL,606.0000,3030.00,'',0.00),(4972,1706,51,5.0000,NULL,430.5300,NULL,870.0000,4350.00,'',0.00),(4973,1706,210,2.0000,NULL,191.1350,NULL,610.0000,1220.00,'',0.00),(4974,1706,228,2.0000,NULL,344.5510,NULL,1175.0000,2350.00,'',0.00),(4975,1706,256,1.5000,NULL,761.4920,NULL,2413.3300,3620.00,'',0.00),(4976,1706,73,1.0000,NULL,750.5700,NULL,1600.0000,1600.00,'',0.00),(4977,1707,195,2.0000,NULL,330.5810,NULL,1755.0000,3510.00,'',0.00),(4978,1708,92,5.0000,NULL,350.9000,NULL,606.0000,3030.00,'',0.00),(4979,1709,92,15.0000,NULL,350.9000,NULL,566.0000,8490.00,'',0.00),(4980,1709,73,1.0000,NULL,750.5700,NULL,1600.0000,1600.00,'',0.00),(4981,1710,113,10.0000,NULL,402.5900,NULL,937.0000,9370.00,'',0.00),(4982,1710,50,5.0000,NULL,354.4570,NULL,612.0000,3060.00,'',0.00),(4983,1711,51,6.0000,NULL,430.5300,NULL,870.0000,5220.00,'',0.00),(4984,1712,51,10.0000,NULL,430.5300,NULL,813.0000,8130.00,'',0.00),(4985,1712,111,15.0000,NULL,259.3340,NULL,590.0000,8850.00,'',0.00),(4986,1712,73,1.0000,NULL,750.5700,NULL,1600.0000,1600.00,'',0.00),(4987,1712,120,1.0000,NULL,259.9690,NULL,940.0000,940.00,'',0.00),(4988,1713,51,10.0000,NULL,430.5300,NULL,813.0000,8130.00,'',0.00),(4989,1713,92,5.0000,NULL,350.9000,NULL,606.0000,3030.00,'',0.00),(4990,1713,111,5.0000,NULL,259.3340,NULL,632.0000,3160.00,'',0.00),(4991,1714,210,10.0000,NULL,191.1350,NULL,425.0000,4250.00,'',0.00),(4992,1714,51,10.0000,NULL,430.5300,NULL,813.0000,8130.00,'',0.00),(4993,1714,65,1.0000,NULL,797.5000,NULL,970.0000,970.00,'',0.00),(4994,1715,92,10.0000,NULL,350.9000,NULL,566.0000,5660.00,'',0.00),(4995,1715,50,25.0000,NULL,354.4570,NULL,572.0000,14300.00,'',0.00),(4996,1715,111,20.0000,NULL,259.3340,NULL,589.5000,11790.00,'',0.00),(4997,1715,228,20.0000,NULL,344.5510,NULL,820.5000,16410.00,'',0.00),(4998,1715,65,4.0000,NULL,797.5000,NULL,962.5000,3850.00,'',0.00),(4999,1715,73,14.0000,NULL,750.5700,NULL,1517.1400,21240.00,'',0.00),(5000,1716,51,6.0000,NULL,430.5300,NULL,870.0000,5220.00,'',0.00),(5001,1716,92,4.0000,NULL,350.9000,NULL,810.0000,3240.00,'',0.00),(5002,1716,110,2.2500,NULL,1223.7500,NULL,2968.8900,6680.00,'',0.00),(5003,1717,293,1.0000,NULL,4977.5000,NULL,8030.0000,8030.00,'',0.00),(5004,1717,315,1.0000,NULL,2282.5000,NULL,3690.0000,3690.00,'',0.00),(5005,1717,73,2.0000,NULL,750.5700,NULL,1600.0000,3200.00,'',0.00),(5006,1717,92,10.0000,NULL,350.9000,NULL,566.0000,5660.00,'',0.00),(5007,1717,123,1.0000,NULL,768.4770,NULL,2230.0000,2230.00,'',0.00),(5008,1717,69,1.0000,NULL,508.7500,NULL,830.0000,830.00,'',0.00),(5009,1717,111,5.0000,NULL,259.3340,NULL,632.0000,3160.00,'',0.00),(5010,1718,51,10.0000,NULL,430.5300,NULL,813.0000,8130.00,'',0.00),(5011,1718,280,10.0000,NULL,273.4310,NULL,652.0000,6520.00,'',0.00),(5012,1718,228,5.0000,NULL,344.5510,NULL,878.0000,4390.00,'',0.00),(5013,1719,92,20.0000,NULL,350.9000,NULL,566.0000,11320.00,'',0.00),(5014,1720,50,5.0000,NULL,354.4570,NULL,612.0000,3060.00,'',0.00),(5015,1721,92,10.0000,NULL,350.9000,NULL,566.0000,5660.00,'',0.00),(5016,1721,142,5.0000,NULL,685.9270,NULL,1354.0000,6770.00,'',0.00),(5017,1722,51,15.0000,NULL,430.5300,NULL,812.6700,12190.00,'',0.00),(5018,1722,92,5.0000,NULL,350.9000,NULL,606.0000,3030.00,'',0.00),(5019,1722,113,5.0000,NULL,402.5900,NULL,1002.0000,5010.00,'',0.00),(5020,1722,73,1.0000,NULL,750.5700,NULL,1600.0000,1600.00,'',0.00),(5021,1723,8,1.0000,NULL,968.0000,NULL,2040.0000,2040.00,'',0.00),(5022,1724,50,10.0000,NULL,354.4570,NULL,572.0000,5720.00,'',0.00),(5023,1724,92,10.0000,NULL,350.9000,NULL,566.0000,5660.00,'',0.00),(5024,1724,120,10.0000,NULL,259.9690,NULL,654.0000,6540.00,'',0.00),(5025,1724,111,10.0000,NULL,259.3340,NULL,590.0000,5900.00,'',0.00),(5026,1724,73,4.0000,NULL,750.5700,NULL,1597.5000,6390.00,'',0.00),(5027,1725,51,5.0000,NULL,430.5300,NULL,870.0000,4350.00,'',0.00),(5028,1725,92,2.0000,NULL,350.9000,NULL,810.0000,1620.00,'',0.00),(5029,1725,73,1.0000,NULL,750.5700,NULL,1600.0000,1600.00,'',0.00),(5030,1725,266,1.0000,NULL,1689.1000,NULL,2690.0000,2690.00,'',0.00),(5031,1726,51,5.0000,NULL,430.5300,NULL,870.0000,4350.00,'',0.00),(5032,1727,92,5.0000,NULL,350.9000,NULL,606.0000,3030.00,'',0.00),(5033,1728,65,2.0000,NULL,797.5000,NULL,965.0000,1930.00,'',0.00),(5034,1728,280,10.0000,NULL,273.4310,NULL,652.0000,6520.00,'',0.00),(5035,1728,73,1.0000,NULL,750.5700,NULL,1600.0000,1600.00,'',0.00),(5036,1729,50,2.0000,NULL,354.4570,NULL,820.0000,1640.00,'',0.00),(5037,1729,133,2.0000,NULL,339.0900,NULL,935.0000,1870.00,'',0.00),(5038,1730,92,5.0000,NULL,350.9000,NULL,606.0000,3030.00,'',0.00),(5050,1732,194,0.1000,NULL,35653.7500,NULL,76800.0000,7680.00,'',0.00),(5051,1733,110,10.0000,NULL,1223.7500,NULL,2075.0000,20750.00,'',0.00),(5052,1733,92,10.0000,NULL,350.9000,NULL,566.0000,5660.00,'',0.00),(5053,1734,203,1.0000,NULL,1691.2500,NULL,2690.0000,2690.00,'',0.00),(5054,1734,210,2.0000,NULL,191.1350,NULL,610.0000,1220.00,'',0.00),(5055,1734,228,2.0000,NULL,344.5510,NULL,1175.0000,2350.00,'',0.00),(5056,1734,73,1.0000,NULL,750.5700,NULL,1600.0000,1600.00,'',0.00),(5057,1735,73,2.0000,NULL,750.5700,NULL,1600.0000,3200.00,'',0.00),(5058,1736,51,2.0000,NULL,430.5300,NULL,1165.0000,2330.00,'',0.00),(5059,1737,267,1.0000,NULL,1540.0000,NULL,2450.0000,2450.00,'',0.00),(5060,1737,50,5.0000,NULL,354.4570,NULL,612.0000,3060.00,'',0.00),(5061,1737,113,5.0000,NULL,402.5900,NULL,1002.0000,5010.00,'',0.00),(5062,1738,92,10.0000,NULL,350.9000,NULL,566.0000,5660.00,'',0.00),(5063,1738,111,7.0000,NULL,259.3340,NULL,631.4300,4420.00,'',0.00),(5064,1739,222,3.7000,NULL,570.3570,NULL,3448.6500,12760.00,'',0.00),(5065,1739,264,1.0000,NULL,3228.5000,NULL,6870.0000,6870.00,'',0.00),(5066,1740,264,0.5000,NULL,3228.5000,NULL,7700.0000,3850.00,'',0.00),(5067,1741,210,5.0000,NULL,191.1350,NULL,456.0000,2280.00,'',0.00),(5068,1741,50,5.0000,NULL,354.4570,NULL,612.0000,3060.00,'',0.00),(5069,1741,111,2.0000,NULL,259.3340,NULL,845.0000,1690.00,'',0.00),(5070,1741,228,1.0000,NULL,344.5510,NULL,1180.0000,1180.00,'',0.00),(5071,1742,50,5.0000,NULL,354.4570,NULL,612.0000,3060.00,'',0.00),(5072,1743,51,10.0000,NULL,430.5300,NULL,813.0000,8130.00,'',0.00),(5073,1743,279,10.0000,NULL,248.9200,NULL,608.0000,6080.00,'',0.00),(5074,1743,110,10.0000,NULL,1223.7500,NULL,2075.0000,20750.00,'',0.00),(5075,1743,194,0.2500,NULL,35653.7500,NULL,61440.0000,15360.00,'',0.00),(5076,1743,264,1.0000,NULL,3228.5000,NULL,6870.0000,6870.00,'',0.00),(5080,1745,92,10.0000,NULL,350.9000,NULL,566.0000,5660.00,'',0.00),(5081,1745,45,1.0000,NULL,915.4160,NULL,2900.0000,2900.00,'',0.00),(5082,1746,51,10.0000,NULL,430.5300,NULL,813.0000,8130.00,'',0.00),(5083,1746,92,5.0000,NULL,350.9000,NULL,606.0000,3030.00,'',0.00),(5084,1747,50,5.0000,NULL,354.4570,NULL,612.0000,3060.00,'',0.00),(5091,1748,65,2.0000,NULL,797.5000,NULL,965.0000,1930.00,'',0.00),(5092,1748,50,5.0000,NULL,354.4570,NULL,612.0000,3060.00,'',0.00),(5093,1748,111,5.0000,NULL,259.3340,NULL,632.0000,3160.00,'',0.00),(5094,1749,92,10.0000,NULL,350.9000,NULL,566.0000,5660.00,'',0.00),(5095,1749,113,10.0000,NULL,402.5900,NULL,937.0000,9370.00,'',0.00),(5096,1749,111,10.0000,NULL,259.3340,NULL,590.0000,5900.00,'',0.00),(5097,1750,51,3.0000,NULL,430.5300,NULL,1163.3300,3490.00,'',0.00),(5098,1750,111,3.0000,NULL,259.3340,NULL,843.3300,2530.00,'',0.00),(5099,1751,92,1.0000,NULL,350.9000,NULL,810.0000,810.00,'prueba ',0.00),(5100,1752,280,5.0000,NULL,273.4310,NULL,698.0000,3490.00,'',0.00),(5101,1752,51,5.0000,NULL,430.5300,NULL,870.0000,4350.00,'',0.00),(5102,1752,228,5.0000,NULL,344.5510,NULL,878.0000,4390.00,'',0.00),(5103,1752,92,5.0000,NULL,350.9000,NULL,606.0000,3030.00,'',0.00),(5104,1752,73,3.0000,NULL,750.5700,NULL,1600.0000,4800.00,'',0.00),(5105,1752,65,4.0000,NULL,797.5000,NULL,962.5000,3850.00,'',0.00),(5106,1753,51,5.0000,NULL,430.5300,NULL,870.0000,4350.00,'',0.00),(5107,1753,249,2.0000,NULL,811.7840,NULL,2350.0000,4700.00,'',0.00),(5108,1754,92,1.0000,NULL,350.9000,NULL,810.0000,810.00,'prueba 2',0.00),(5109,1755,51,10.0000,NULL,430.5300,NULL,813.0000,8130.00,'',0.00),(5110,1756,92,1.0000,NULL,350.9000,NULL,810.0000,810.00,'prueba',0.00),(5111,1757,264,1.0000,NULL,3228.5000,NULL,6870.0000,6870.00,'',0.00),(5112,1757,73,1.0000,NULL,750.5700,NULL,1600.0000,1600.00,'',0.00),(5113,1758,127,1.0000,NULL,257.3020,NULL,930.0000,930.00,'',0.00),(5114,1758,92,5.0000,NULL,350.9000,NULL,606.0000,3030.00,'',0.00),(5115,1758,51,5.0000,NULL,430.5300,NULL,870.0000,4350.00,'',0.00),(5116,1758,73,1.0000,NULL,750.5700,NULL,1600.0000,1600.00,'',0.00),(5117,1759,51,5.0000,NULL,430.5300,NULL,870.0000,4350.00,'',0.00),(5118,1759,73,1.0000,NULL,750.5700,NULL,1600.0000,1600.00,'',0.00),(5119,1759,195,1.0000,NULL,330.5810,NULL,1760.0000,1760.00,'',0.00),(5120,1759,69,1.0000,NULL,508.7500,NULL,830.0000,830.00,'',0.00),(5121,1760,50,5.0000,NULL,354.4570,NULL,612.0000,3060.00,'',0.00),(5122,1760,92,5.0000,NULL,350.9000,NULL,606.0000,3030.00,'',0.00),(5123,1760,280,5.0000,NULL,273.4310,NULL,698.0000,3490.00,'',0.00),(5124,1761,51,5.0000,NULL,430.5300,NULL,870.0000,4350.00,'',0.00),(5125,1761,94,1.0000,NULL,6050.0000,NULL,10090.0000,10090.00,'',0.00),(5126,1762,92,10.0000,NULL,350.9000,NULL,566.0000,5660.00,'',0.00),(5127,1763,251,1.0000,NULL,1561.9730,NULL,4520.0000,4520.00,'',0.00),(5128,1764,92,1.5000,NULL,350.9000,NULL,813.3300,1220.00,'',0.00),(5129,1764,50,5.0000,NULL,354.4570,NULL,612.0000,3060.00,'',0.00),(5130,1765,210,5.0000,NULL,191.1350,NULL,456.0000,2280.00,'',0.00),(5144,1768,51,10.0000,NULL,430.5300,NULL,813.0000,8130.00,'',0.00),(5145,1768,210,5.0000,NULL,191.1350,NULL,456.0000,2280.00,'',0.00),(5146,1768,228,5.0000,NULL,344.5510,NULL,878.0000,4390.00,'',0.00),(5147,1768,280,10.0000,NULL,273.4310,NULL,652.0000,6520.00,'',0.00),(5148,1768,123,2.0000,NULL,768.4770,NULL,2225.0000,4450.00,'',0.00),(5149,1768,73,1.0000,NULL,750.5700,NULL,1600.0000,1600.00,'',0.00),(5150,1768,50,5.0000,NULL,354.4570,NULL,612.0000,3060.00,'',0.00),(5151,1769,50,25.0000,NULL,354.4570,NULL,572.0000,14300.00,'',0.00),(5152,1769,51,25.0000,NULL,430.5300,NULL,812.4000,20310.00,'',0.00),(5153,1769,228,10.0000,NULL,344.5510,NULL,821.0000,8210.00,'',0.00),(5154,1769,92,10.0000,NULL,350.9000,NULL,566.0000,5660.00,'',0.00),(5155,1769,73,5.0000,NULL,750.5700,NULL,1566.0000,7830.00,'',0.00),(5156,1770,280,5.0000,NULL,273.4310,NULL,698.0000,3490.00,'',0.00),(5157,1771,51,5.0000,NULL,430.5300,NULL,870.0000,4350.00,'',0.00),(5158,1771,210,5.0000,NULL,191.1350,NULL,456.0000,2280.00,'',0.00),(5170,1772,73,2.0000,NULL,750.5700,NULL,1600.0000,3200.00,'',0.00),(5173,1773,50,5.0000,NULL,354.4570,NULL,612.0000,3060.00,'',0.00),(5174,1773,73,1.0000,NULL,750.5700,NULL,1600.0000,1600.00,'',0.00),(5197,1776,228,10.0000,NULL,344.5510,NULL,821.0000,8210.00,'',0.00),(5198,1776,250,1.0000,NULL,1562.3540,NULL,4520.0000,4520.00,'',0.00),(5199,1776,251,1.0000,NULL,1561.9730,NULL,4520.0000,4520.00,'',0.00),(5200,1776,92,1.0000,NULL,350.9000,NULL,810.0000,810.00,'',0.00),(5207,1779,1004,10.0000,NULL,336.9310,NULL,674.0000,6740.00,'',0.00),(5208,1780,51,5.0000,NULL,430.5300,NULL,870.0000,4350.00,'',0.00),(5209,1781,50,10.0000,NULL,354.4570,NULL,572.0000,5720.00,'',0.00),(5210,1781,111,10.0000,NULL,259.3340,NULL,590.0000,5900.00,'',0.00),(5211,1781,73,1.0000,NULL,750.5700,NULL,1600.0000,1600.00,'',0.00),(5213,1783,274,6.0000,NULL,244.4750,NULL,1080.0000,6480.00,'',0.00),(5214,1783,228,6.0000,NULL,344.5510,NULL,878.3300,5270.00,'',0.00),(5215,1783,73,2.0000,NULL,750.5700,NULL,1600.0000,3200.00,'',0.00),(5216,1784,251,1.0000,NULL,1561.9730,NULL,4520.0000,4520.00,'',0.00),(5228,1785,245,2.5000,NULL,8937.5000,NULL,12856.0000,32140.00,'',0.00),(5229,1786,51,15.0000,NULL,430.5300,NULL,812.6700,12190.00,'',0.00),(5230,1786,314,3.0000,NULL,921.2500,NULL,1486.6700,4460.00,'',0.00),(5242,1790,51,15.0000,NULL,430.5300,NULL,812.6700,12190.00,'',0.00),(5243,1790,92,5.0000,NULL,350.9000,NULL,606.0000,3030.00,'',0.00),(5244,1791,73,2.0000,NULL,750.5700,NULL,1600.0000,3200.00,'',0.00),(5245,1791,277,2.0000,NULL,481.2500,NULL,780.0000,1560.00,'',0.00),(5246,1792,92,10.0000,NULL,350.9000,NULL,566.0000,5660.00,'',0.00),(5247,1792,51,10.0000,NULL,430.5300,NULL,813.0000,8130.00,'',0.00),(5248,1792,50,10.0000,NULL,354.4570,NULL,572.0000,5720.00,'',0.00),(5249,1792,111,10.0000,NULL,259.3340,NULL,590.0000,5900.00,'',0.00),(5250,1792,73,6.0000,NULL,750.5700,NULL,1566.6700,9400.00,'',0.00),(5251,1793,264,1.0000,NULL,3228.5000,NULL,6870.0000,6870.00,'',0.00),(5263,1795,110,10.0000,NULL,1223.7500,NULL,2075.0000,20750.00,'',0.00),(5264,1795,249,10.0000,NULL,811.7840,NULL,1642.0000,16420.00,'',0.00),(5265,1795,220,1.0000,NULL,399.1610,NULL,2220.0000,2220.00,'',0.00),(5266,1795,88,1.0000,NULL,855.8530,NULL,2240.0000,2240.00,'',0.00),(5267,1795,120,5.0000,NULL,259.9690,NULL,704.0000,3520.00,'',0.00),(5268,1795,127,5.0000,NULL,257.3020,NULL,696.0000,3480.00,'',0.00),(5269,1796,210,5.0000,NULL,191.1350,NULL,456.0000,2280.00,'',0.00),(5270,1796,228,5.0000,NULL,344.5510,NULL,878.0000,4390.00,'',0.00),(5271,1796,51,5.0000,NULL,430.5300,NULL,870.0000,4350.00,'',0.00),(5272,1797,228,10.0000,NULL,344.5510,NULL,821.0000,8210.00,'',0.00),(5273,1797,50,10.0000,NULL,354.4570,NULL,572.0000,5720.00,'',0.00),(5274,1797,51,10.0000,NULL,430.5300,NULL,813.0000,8130.00,'',0.00),(5275,1797,92,10.0000,NULL,350.9000,NULL,566.0000,5660.00,'',0.00),(5279,1799,1004,10.0000,NULL,336.9310,NULL,674.0000,6740.00,'',0.00),(5280,1799,188,1.0000,NULL,2667.5000,NULL,4860.0000,4860.00,'',0.00),(5281,1800,50,8.0000,NULL,354.4570,NULL,612.5000,4900.00,'',0.00),(5282,1800,92,5.0000,NULL,350.9000,NULL,606.0000,3030.00,'',0.00),(5292,1803,111,5.0000,NULL,259.3340,NULL,632.0000,3160.00,'',0.00),(5293,1803,210,5.0000,NULL,191.1350,NULL,456.0000,2280.00,'',0.00),(5302,1807,99,1.0000,NULL,2365.0000,NULL,4830.0000,4830.00,'',0.00),(5317,1809,51,5.0000,NULL,430.5300,NULL,870.0000,4350.00,'',0.00),(5318,1809,113,4.0000,NULL,402.5900,NULL,1340.0000,5360.00,'',0.00),(5319,1810,267,2.0000,NULL,1540.0000,NULL,2445.0000,4890.00,'',0.00),(5320,1811,267,1.0000,NULL,1540.0000,NULL,2450.0000,2450.00,'',0.00),(5321,1812,210,10.0000,NULL,191.1350,NULL,425.0000,4250.00,'',0.00),(5322,1812,120,1.0000,NULL,259.9690,NULL,940.0000,940.00,'',0.00),(5323,1812,73,4.0000,NULL,750.5700,NULL,1597.5000,6390.00,'',0.00),(5335,1814,92,5.0000,NULL,350.9000,NULL,606.0000,3030.00,'',0.00),(5336,1815,50,2.0000,NULL,354.4570,NULL,820.0000,1640.00,'',0.00),(5337,1815,249,1.0000,NULL,811.7840,NULL,2350.0000,2350.00,'',0.00),(5338,1816,113,40.0000,NULL,402.5900,NULL,936.5000,37460.00,'',0.00),(5339,1817,249,10.0000,NULL,811.7840,NULL,1642.0000,16420.00,'',0.00),(5340,1817,111,5.0000,NULL,259.3340,NULL,632.0000,3160.00,'',0.00),(5345,1820,51,10.0000,NULL,430.5300,NULL,813.0000,8130.00,'',0.00),(5346,1821,51,10.0000,NULL,430.5300,NULL,813.0000,8130.00,'',0.00),(5347,1822,88,10.0000,NULL,855.8530,NULL,1561.0000,15610.00,'',0.00),(5348,1822,280,20.0000,NULL,273.4310,NULL,651.5000,13030.00,'',0.00),(5363,1552,129,40.0000,NULL,113.2840,NULL,752.7500,30110.00,'',0.00),(5364,1552,210,20.0000,NULL,191.1350,NULL,425.0000,8500.00,'',0.00),(5365,1552,111,10.0000,NULL,259.3340,NULL,590.0000,5900.00,'',0.00),(5366,1552,50,20.0000,NULL,354.4570,NULL,572.0000,11440.00,'',0.00),(5367,1552,92,10.0000,NULL,350.9000,NULL,566.0000,5660.00,'',0.00),(5368,1552,92,1.0000,NULL,350.9000,NULL,810.0000,810.00,'',0.00),(5387,1825,92,40.0000,NULL,350.9000,NULL,566.0000,22640.00,'',0.00),(5388,1825,51,20.0000,NULL,430.5300,NULL,812.5000,16250.00,'',0.00),(5389,1825,111,5.0000,NULL,259.3340,NULL,632.0000,3160.00,'',0.00),(5390,1825,94,1.0000,NULL,6050.0000,NULL,10090.0000,10090.00,'',0.00),(5391,1825,73,2.0000,NULL,750.5700,NULL,1600.0000,3200.00,'',0.00),(5392,1826,51,5.0000,NULL,437.3100,NULL,884.0000,4420.00,'',0.00),(5393,1826,111,5.0000,NULL,263.4180,NULL,642.0000,3210.00,'',0.00),(5394,1826,110,2.0000,NULL,1237.1000,NULL,3000.0000,6000.00,'',0.00),(5395,1826,123,5.0000,NULL,780.5790,NULL,1698.0000,8490.00,'',0.00),(5396,1826,194,0.1000,NULL,36042.7000,NULL,77700.0000,7770.00,'',0.00),(5397,1827,92,1.5000,NULL,354.7280,NULL,820.0000,1230.00,'',0.00),(5398,1827,50,10.0000,NULL,360.0390,NULL,581.0000,5810.00,'',0.00),(5399,1827,110,1.0000,NULL,1237.1000,NULL,3000.0000,3000.00,'',0.00),(5401,1829,185,30.0000,NULL,2988.5000,NULL,4011.0000,120330.00,'',0.00),(5402,1829,110,10.0000,NULL,1237.1000,NULL,2097.0000,20970.00,'',0.00),(5403,1829,61,1.0000,NULL,1843.1400,NULL,2690.0000,2690.00,'',0.00),(5404,1829,41,1.0000,NULL,2474.2000,NULL,4950.0000,4950.00,'',0.00),(5405,1829,75,1.0000,NULL,5073.5000,NULL,11450.0000,11450.00,'',0.00),(5406,1829,292,1.0000,NULL,4170.0000,NULL,6090.0000,6090.00,'',0.00),(5407,1829,63,1.0000,NULL,1501.2000,NULL,1790.0000,1790.00,'',0.00),(5408,1829,73,1.0000,NULL,762.3900,NULL,1630.0000,1630.00,'',0.00),(5411,1831,51,20.0000,NULL,437.3100,NULL,825.5000,16510.00,'',0.00),(5412,1831,198,1.0000,NULL,276.1890,NULL,1150.0000,1150.00,'',0.00),(5418,1834,92,5.0000,NULL,354.7280,NULL,614.0000,3070.00,'',0.00),(5419,1834,51,5.0000,NULL,437.3100,NULL,884.0000,4420.00,'',0.00),(5420,1834,113,2.0000,NULL,408.9300,NULL,1360.0000,2720.00,'',0.00),(5421,1834,256,1.0000,NULL,773.4840,NULL,2450.0000,2450.00,'',0.00),(5422,1834,73,2.0000,NULL,762.3900,NULL,1625.0000,3250.00,'',0.00),(5423,1834,65,1.0000,NULL,806.2000,NULL,980.0000,980.00,'',0.00),(5424,1835,50,15.0000,NULL,360.0390,NULL,581.3300,8720.00,'',0.00),(5425,1835,92,10.0000,NULL,354.7280,NULL,573.0000,5730.00,'',0.00),(5426,1835,280,10.0000,NULL,277.7370,NULL,662.0000,6620.00,'',0.00),(5427,1835,251,1.5000,NULL,1586.5710,NULL,4593.3300,6890.00,'',0.00),(5435,1819,251,1.0000,NULL,1586.5710,NULL,4590.0000,4590.00,'',0.00),(5436,1694,264,4.5000,NULL,3263.7200,NULL,6944.4400,31250.00,'',0.00),(5450,1833,92,1.0000,NULL,354.7280,NULL,820.0000,820.00,'',0.00),(5451,1833,51,2.0000,NULL,437.3100,NULL,1180.0000,2360.00,'',0.00),(5468,1840,111,15.0000,NULL,263.4180,NULL,599.3300,8990.00,'',0.00),(5472,1842,155,0.2500,NULL,6129.9000,NULL,13240.0000,3310.00,'',0.00),(5473,1843,155,0.2500,NULL,6129.9000,NULL,13240.0000,3310.00,'',0.00),(5474,1843,277,4.0000,NULL,486.5000,NULL,785.0000,3140.00,'',0.00),(5475,1843,256,5.0000,NULL,773.4840,NULL,1842.0000,9210.00,'',0.00),(5476,1844,110,5.0000,NULL,1237.1000,NULL,2244.0000,11220.00,'',0.00),(5477,1844,256,1.0000,NULL,773.4840,NULL,2450.0000,2450.00,'',0.00),(5478,1844,250,1.0000,NULL,1586.9580,NULL,4590.0000,4590.00,'',0.00),(5479,1844,195,1.0000,NULL,335.7870,NULL,1780.0000,1780.00,'',0.00),(5480,1845,280,5.0000,NULL,277.7370,NULL,708.0000,3540.00,'',0.00),(5481,1845,51,5.0000,NULL,437.3100,NULL,884.0000,4420.00,'',0.00),(5482,1846,50,20.0000,NULL,360.0390,NULL,581.0000,11620.00,'',0.00),(5483,1847,50,20.0000,NULL,360.0390,NULL,581.0000,11620.00,'',0.00),(5484,1847,92,10.0000,NULL,354.7280,NULL,573.0000,5730.00,'',0.00),(5485,1847,211,2.0000,NULL,209.7540,NULL,1165.0000,2330.00,'',0.00),(5486,1848,228,10.0000,NULL,349.9770,NULL,834.0000,8340.00,'',0.00),(5487,1848,113,10.0000,NULL,408.9300,NULL,951.0000,9510.00,'',0.00),(5488,1848,250,5.0000,NULL,1586.9580,NULL,3450.0000,17250.00,'',0.00),(5489,1848,264,3.0000,NULL,3263.7200,NULL,6946.6700,20840.00,'',0.00),(5490,1848,157,0.5000,NULL,6129.9000,NULL,12500.0000,6250.00,'',0.00),(5491,1849,110,5.0000,NULL,1237.1000,NULL,2244.0000,11220.00,'',0.00),(5492,1849,92,10.0000,NULL,354.7280,NULL,573.0000,5730.00,'',0.00),(5493,1849,51,10.0000,NULL,437.3100,NULL,826.0000,8260.00,'',0.00),(5494,1849,65,1.0000,NULL,806.2000,NULL,980.0000,980.00,'',0.00),(5495,1850,65,1.0000,NULL,806.2000,NULL,980.0000,980.00,'',0.00),(5496,1851,50,10.0000,NULL,360.0390,NULL,581.0000,5810.00,'',0.00),(5497,1851,65,2.0000,NULL,806.2000,NULL,975.0000,1950.00,'',0.00),(5502,1853,228,5.0000,NULL,349.9770,NULL,892.0000,4460.00,'',0.00),(5503,1853,223,1.0000,NULL,190.1460,NULL,2100.0000,2100.00,'',0.00),(5508,1854,111,10.0000,NULL,263.4180,NULL,599.0000,5990.00,'',0.00),(5509,1854,50,10.0000,NULL,360.0390,NULL,581.0000,5810.00,'',0.00),(5510,1854,51,10.0000,NULL,437.3100,NULL,826.0000,8260.00,'',0.00),(5511,1854,92,10.0000,NULL,354.7280,NULL,573.0000,5730.00,'',0.00),(5512,1855,50,10.0000,NULL,360.0390,NULL,581.0000,5810.00,'',0.00),(5513,1855,111,6.0000,NULL,263.4180,NULL,641.6700,3850.00,'',0.00),(5514,1856,51,5.0000,NULL,437.3100,NULL,884.0000,4420.00,'',0.00),(5515,1857,110,2.0000,NULL,1237.1000,NULL,3000.0000,6000.00,'',0.00),(5516,1857,92,5.0000,NULL,354.7280,NULL,614.0000,3070.00,'',0.00),(5519,1859,123,1.3000,NULL,780.5790,NULL,2261.5400,2940.00,'',0.00),(5525,1861,275,1.5000,NULL,238.2630,NULL,1673.3300,2510.00,'',0.00),(5526,1861,147,1.5000,NULL,280.8330,NULL,1406.6700,2110.00,'',0.00),(5529,1864,280,5.0000,NULL,277.7370,NULL,708.0000,3540.00,'',0.00),(5530,1865,92,10.0000,NULL,354.7280,NULL,573.0000,5730.00,'',0.00),(5531,1865,50,10.0000,NULL,360.0390,NULL,581.0000,5810.00,'',0.00),(5532,1865,51,10.0000,NULL,437.3100,NULL,826.0000,8260.00,'',0.00),(5533,1865,111,10.0000,NULL,263.4180,NULL,599.0000,5990.00,'',0.00),(5534,1865,228,10.0000,NULL,349.9770,NULL,834.0000,8340.00,'',0.00),(5535,1866,210,5.0000,NULL,194.1450,NULL,462.0000,2310.00,'',0.00),(5536,1866,73,1.0000,NULL,762.3900,NULL,1630.0000,1630.00,'',0.00),(5537,1867,65,1.0000,NULL,806.2000,NULL,980.0000,980.00,'',0.00),(5538,1867,188,5.0000,NULL,2696.6000,NULL,4816.0000,24080.00,'',0.00),(5542,1869,280,5.0000,NULL,277.7370,NULL,708.0000,3540.00,'',0.00),(5543,1869,51,10.0000,NULL,437.3100,NULL,826.0000,8260.00,'',0.00),(5544,1869,228,5.0000,NULL,349.9770,NULL,892.0000,4460.00,'',0.00),(5545,1869,92,8.0000,NULL,354.7280,NULL,612.5000,4900.00,'',0.00),(5546,1869,73,1.0000,NULL,762.3900,NULL,1630.0000,1630.00,'',0.00),(5547,1870,92,15.0000,NULL,354.7280,NULL,572.6700,8590.00,'',0.00),(5548,1871,228,10.0000,NULL,349.9770,NULL,834.0000,8340.00,'',0.00),(5551,1873,249,2.0000,NULL,824.5680,NULL,2385.0000,4770.00,'',0.00),(5552,1873,51,2.0000,NULL,437.3100,NULL,1180.0000,2360.00,'',0.00),(5553,1873,110,1.0000,NULL,1237.1000,NULL,3000.0000,3000.00,'',0.00),(5554,1873,73,1.0000,NULL,762.3900,NULL,1630.0000,1630.00,'',0.00),(5555,1830,51,10.0000,NULL,437.3100,NULL,826.0000,8260.00,'',0.00),(5556,1830,280,10.0000,NULL,277.7370,NULL,662.0000,6620.00,'',0.00),(5557,1830,92,1.0000,NULL,354.7280,NULL,820.0000,820.00,'',0.00),(5558,1874,264,0.5000,NULL,3263.7200,NULL,7780.0000,3890.00,'',0.00),(5559,1875,228,2.0000,NULL,349.9770,NULL,1195.0000,2390.00,'',0.00),(5560,1875,50,5.0000,NULL,360.0390,NULL,622.0000,3110.00,'',0.00),(5561,1875,92,5.0000,NULL,354.7280,NULL,614.0000,3070.00,'',0.00),(5562,1876,51,10.0000,NULL,437.3100,NULL,826.0000,8260.00,'',0.00),(5563,1876,280,10.0000,NULL,277.7370,NULL,662.0000,6620.00,'',0.00),(5564,1876,92,5.0000,NULL,354.7280,NULL,614.0000,3070.00,'',0.00),(5565,1876,274,5.0000,NULL,248.3250,NULL,1096.0000,5480.00,'',0.00),(5566,1876,264,0.5000,NULL,3263.7200,NULL,7780.0000,3890.00,'',0.00),(5567,1876,65,1.0000,NULL,806.2000,NULL,980.0000,980.00,'',0.00),(5570,1877,51,5.0000,NULL,437.3100,NULL,884.0000,4420.00,'',0.00),(5571,1877,73,1.0000,NULL,762.3900,NULL,1630.0000,1630.00,'',0.00),(5578,1879,92,5.0000,NULL,354.7280,NULL,614.0000,3070.00,'',0.00),(5579,1879,51,5.0000,NULL,437.3100,NULL,884.0000,4420.00,'',0.00),(5585,1881,228,5.0000,NULL,349.9770,NULL,892.0000,4460.00,'',0.00),(5586,1881,92,5.0000,NULL,354.7280,NULL,614.0000,3070.00,'',0.00),(5587,1881,51,5.0000,NULL,437.3100,NULL,884.0000,4420.00,'',0.00),(5588,1881,73,6.0000,NULL,762.3900,NULL,1590.0000,9540.00,'',0.00),(5589,1881,277,5.0000,NULL,486.5000,NULL,770.0000,3850.00,'',0.00),(5590,1882,51,10.0000,NULL,437.3100,NULL,826.0000,8260.00,'',0.00),(5591,1882,113,10.0000,NULL,408.9300,NULL,951.0000,9510.00,'',0.00),(5592,1882,73,2.0000,NULL,762.3900,NULL,1625.0000,3250.00,'',0.00),(5593,1883,92,5.0000,NULL,354.7280,NULL,614.0000,3070.00,'',0.00),(5594,1884,51,2.0000,NULL,437.3100,NULL,1180.0000,2360.00,'',0.00),(5595,1884,92,1.5000,NULL,354.7280,NULL,820.0000,1230.00,'',0.00),(5596,1884,84,1.0000,NULL,869.3310,NULL,2270.0000,2270.00,'',0.00),(5597,1885,51,1.0000,NULL,437.3100,NULL,1180.0000,1180.00,'',0.00),(5598,1886,92,5.0000,NULL,354.7280,NULL,614.0000,3070.00,'',0.00),(5599,1886,73,1.0000,NULL,762.3900,NULL,1630.0000,1630.00,'',0.00),(5600,1886,188,1.0000,NULL,2696.6000,NULL,4920.0000,4920.00,'',0.00),(5601,1887,73,1.0000,NULL,762.3900,NULL,1630.0000,1630.00,'',0.00),(5621,1889,50,10.0000,NULL,360.0390,NULL,581.0000,5810.00,'',0.00),(5622,1890,228,2.0000,NULL,349.9770,NULL,1195.0000,2390.00,'',0.00),(5633,1891,110,10.0000,NULL,1237.1000,NULL,2097.0000,20970.00,'',0.00),(5634,1891,65,2.0000,NULL,806.2000,NULL,975.0000,1950.00,'',0.00),(5635,1892,210,2.0000,NULL,194.1450,NULL,620.0000,1240.00,'',0.00),(5636,1892,92,5.0000,NULL,354.7280,NULL,614.0000,3070.00,'',0.00),(5662,1893,113,5.0000,NULL,408.9300,NULL,1018.0000,5090.00,'',0.00),(5663,1893,51,5.0000,NULL,437.3100,NULL,884.0000,4420.00,'',0.00),(5664,1893,280,5.0000,NULL,277.7370,NULL,708.0000,3540.00,'',0.00),(5667,1895,92,10.0000,NULL,354.7280,NULL,573.0000,5730.00,'',0.00),(5668,1895,153,0.2500,NULL,6129.9000,NULL,12520.0000,3130.00,'',0.00),(5669,1895,163,0.2500,NULL,6129.9000,NULL,12520.0000,3130.00,'',0.00),(5670,1895,51,5.0000,NULL,437.3100,NULL,884.0000,4420.00,'',0.00),(5687,1897,51,10.0000,NULL,437.3100,NULL,826.0000,8260.00,'',0.00),(5688,1897,249,5.0000,NULL,824.5680,NULL,1794.0000,8970.00,'',0.00),(5689,1897,314,1.0000,NULL,931.3000,NULL,1510.0000,1510.00,'',0.00),(5690,1897,247,1.0000,NULL,1737.5000,NULL,3780.0000,3780.00,'',0.00),(5725,1898,234,1.0000,NULL,5990.9000,NULL,8870.0000,8870.00,'',0.00),(5726,1898,110,6.0000,NULL,1237.1000,NULL,2245.0000,13470.00,'',0.00),(5727,1898,92,10.0000,NULL,354.7280,NULL,573.0000,5730.00,'',0.00),(5728,1898,63,2.0000,NULL,1501.2000,NULL,1790.0000,3580.00,'',0.00),(5729,1898,65,6.0000,NULL,806.2000,NULL,953.3300,5720.00,'',0.00);
/*!40000 ALTER TABLE `detalles_venta` ENABLE KEYS */;
UNLOCK TABLES;

--
-- Table structure for table `ordenes_compra`
--

DROP TABLE IF EXISTS `ordenes_compra`;
/*!40101 SET @saved_cs_client     = @@character_set_client */;
/*!50503 SET character_set_client = utf8mb4 */;
CREATE TABLE `ordenes_compra` (
  `id` int NOT NULL AUTO_INCREMENT,
  `nro_solicitud_interno` varchar(50) COLLATE utf8mb4_unicode_ci DEFAULT NULL,
  `nro_remito_proveedor` varchar(100) COLLATE utf8mb4_unicode_ci DEFAULT NULL,
  `proveedor_id` int NOT NULL,
  `importe_total_estimado` decimal(15,2) DEFAULT NULL,
  `observaciones_solicitud` text COLLATE utf8mb4_unicode_ci,
  `estado` varchar(50) COLLATE utf8mb4_unicode_ci NOT NULL,
  `solicitado_por_id` int DEFAULT NULL,
  `aprobado_por_id` int DEFAULT NULL,
  `recibido_por_id` int DEFAULT NULL,
  `fecha_creacion` datetime DEFAULT NULL,
  `fecha_actualizacion` datetime DEFAULT NULL,
  `fecha_aprobacion` datetime DEFAULT NULL,
  `fecha_rechazo` datetime DEFAULT NULL,
  `motivo_rechazo` text COLLATE utf8mb4_unicode_ci,
  `fecha_recepcion` datetime DEFAULT NULL,
  `estado_recepcion` varchar(50) COLLATE utf8mb4_unicode_ci DEFAULT NULL,
  `notas_recepcion` text COLLATE utf8mb4_unicode_ci,
  `ajuste_tc` tinyint(1) DEFAULT NULL,
  `importe_abonado` decimal(15,2) DEFAULT NULL,
  `forma_pago` varchar(50) COLLATE utf8mb4_unicode_ci DEFAULT NULL,
  `cheque_perteneciente_a` varchar(200) COLLATE utf8mb4_unicode_ci DEFAULT NULL,
  `precio_unitario` decimal(15,2) DEFAULT NULL,
  `cuenta` varchar(100) COLLATE utf8mb4_unicode_ci DEFAULT NULL,
  `iibb` varchar(50) COLLATE utf8mb4_unicode_ci DEFAULT NULL,
  `tipo_caja` varchar(50) COLLATE utf8mb4_unicode_ci DEFAULT NULL,
  PRIMARY KEY (`id`),
  UNIQUE KEY `nro_solicitud_interno` (`nro_solicitud_interno`),
  KEY `proveedor_id` (`proveedor_id`),
  KEY `solicitado_por_id` (`solicitado_por_id`),
  KEY `aprobado_por_id` (`aprobado_por_id`),
  KEY `recibido_por_id` (`recibido_por_id`),
  KEY `ix_ordenes_compra_nro_remito_proveedor` (`nro_remito_proveedor`),
  KEY `ix_ordenes_compra_estado` (`estado`),
  CONSTRAINT `ordenes_compra_ibfk_1` FOREIGN KEY (`proveedor_id`) REFERENCES `proveedores` (`id`),
  CONSTRAINT `ordenes_compra_ibfk_2` FOREIGN KEY (`solicitado_por_id`) REFERENCES `usuarios_internos` (`id`),
  CONSTRAINT `ordenes_compra_ibfk_3` FOREIGN KEY (`aprobado_por_id`) REFERENCES `usuarios_internos` (`id`),
  CONSTRAINT `ordenes_compra_ibfk_4` FOREIGN KEY (`recibido_por_id`) REFERENCES `usuarios_internos` (`id`)
) ENGINE=InnoDB AUTO_INCREMENT=105 DEFAULT CHARSET=utf8mb4 COLLATE=utf8mb4_unicode_ci;
/*!40101 SET character_set_client = @saved_cs_client */;

--
-- Dumping data for table `ordenes_compra`
--

LOCK TABLES `ordenes_compra` WRITE;
/*!40000 ALTER TABLE `ordenes_compra` DISABLE KEYS */;
INSERT INTO `ordenes_compra` VALUES (2,'OC-20250419-0001','#',1,0.00,NULL,'Recibido',1,NULL,NULL,'2025-04-19 21:36:39','2025-04-25 21:26:56',NULL,NULL,NULL,'2025-04-25 21:26:56','Completa',NULL,NULL,NULL,NULL,NULL,NULL,NULL,NULL,NULL),(3,'OC-20250421-0001','#',1,0.00,NULL,'Recibido',1,NULL,NULL,'2025-04-21 17:53:42','2025-04-25 21:20:34',NULL,NULL,NULL,'2025-04-25 21:20:34','Completa',NULL,NULL,NULL,NULL,NULL,NULL,NULL,NULL,NULL),(4,'OC-20250421-0002','#',1,0.00,NULL,'Recibido',1,NULL,NULL,'2025-04-21 17:59:00','2025-04-25 21:22:23',NULL,NULL,NULL,'2025-04-25 21:22:23','Completa',NULL,NULL,NULL,NULL,NULL,NULL,NULL,NULL,NULL),(5,'OC-20250421-0003','remitoProv',1,0.00,NULL,'Recibido',1,NULL,NULL,'2025-04-21 18:01:21','2025-04-25 20:22:48',NULL,NULL,NULL,'2025-04-25 20:22:48','Completa',NULL,NULL,NULL,NULL,NULL,NULL,NULL,NULL,NULL),(6,'OC-20250421-0004','remitoProv',1,0.00,NULL,'Recibido',1,NULL,NULL,'2025-04-21 18:03:01','2025-04-22 20:51:37',NULL,NULL,NULL,'2025-04-22 20:51:37','Completa',NULL,NULL,NULL,NULL,NULL,NULL,NULL,NULL,NULL),(7,'OC-20250421-0005','remitoProv',1,0.00,NULL,'Recibido',1,NULL,NULL,'2025-04-21 18:10:29','2025-04-22 20:42:31',NULL,NULL,NULL,'2025-04-22 20:42:31','Completa',NULL,NULL,NULL,NULL,NULL,NULL,NULL,NULL,NULL),(8,'OC-20250422-0001','remitoProv',1,0.00,NULL,'Recibido',1,NULL,NULL,'2025-04-22 00:13:37','2025-04-23 20:23:59',NULL,NULL,NULL,'2025-04-23 20:23:59','Completa',NULL,NULL,NULL,NULL,NULL,NULL,NULL,NULL,NULL),(9,'OC-20250422-0002','remitoProv',1,0.00,NULL,'Recibido',1,NULL,NULL,'2025-04-22 03:20:30','2025-04-23 20:14:10',NULL,NULL,NULL,'2025-04-23 20:14:10','Completa',NULL,NULL,NULL,NULL,NULL,NULL,NULL,NULL,NULL),(10,'OC-20250425-0001',NULL,1,0.00,NULL,'Solicitado',1,NULL,NULL,'2025-04-25 19:01:37','2025-04-25 19:01:37',NULL,NULL,NULL,NULL,NULL,NULL,NULL,NULL,NULL,NULL,NULL,NULL,NULL,NULL),(11,'OC-20250425-0002',NULL,1,0.00,NULL,'Rechazado',1,NULL,NULL,'2025-04-25 19:29:58','2025-05-22 22:22:12',NULL,'2025-05-22 22:22:12','nada',NULL,NULL,NULL,NULL,NULL,NULL,NULL,NULL,NULL,NULL,NULL),(12,'OC-20250425-0003',NULL,1,0.00,NULL,'Solicitado',1,NULL,NULL,'2025-04-25 20:23:11','2025-04-25 20:23:11',NULL,NULL,NULL,NULL,NULL,NULL,NULL,NULL,NULL,NULL,NULL,NULL,NULL,NULL),(13,'OC-20250425-0004',NULL,1,0.00,NULL,'Solicitado',1,NULL,NULL,'2025-04-25 20:28:50','2025-04-25 20:28:50',NULL,NULL,NULL,NULL,NULL,NULL,NULL,NULL,NULL,NULL,NULL,NULL,NULL,NULL),(14,'OC-20250425-0005',NULL,1,0.00,NULL,'Solicitado',1,NULL,NULL,'2025-04-25 21:25:53','2025-04-25 21:25:53',NULL,NULL,NULL,NULL,NULL,NULL,NULL,NULL,NULL,NULL,NULL,NULL,NULL,NULL),(15,'OC-20250425-0006',NULL,1,0.00,NULL,'Aprobado',1,NULL,NULL,'2025-04-25 23:35:26','2025-05-23 18:41:41','2025-05-23 18:41:41',NULL,NULL,NULL,NULL,NULL,NULL,NULL,NULL,NULL,NULL,NULL,NULL,NULL),(16,'OC-20250425-0007',NULL,1,0.00,NULL,'Aprobado',1,NULL,NULL,'2025-04-25 23:36:04','2025-05-23 13:38:12','2025-05-23 13:38:12',NULL,NULL,NULL,NULL,NULL,NULL,NULL,NULL,NULL,NULL,NULL,NULL,NULL),(17,'OC-20250503-0001','remito',1,0.00,NULL,'Recibido',1,NULL,NULL,'2025-05-03 19:48:58','2025-05-22 22:20:19','2025-05-22 21:51:56',NULL,NULL,'2025-05-22 22:20:19','Completa',NULL,NULL,NULL,NULL,NULL,NULL,NULL,NULL,NULL),(18,'OC-20250522-0001',NULL,2,0.00,NULL,'Aprobado',3,NULL,NULL,'2025-05-22 22:09:37','2025-05-23 02:51:15','2025-05-23 02:51:15',NULL,NULL,NULL,NULL,NULL,NULL,NULL,NULL,NULL,NULL,NULL,NULL,NULL),(19,'OC-20250523-0001','1',7,0.00,NULL,'Recibido',3,NULL,NULL,'2025-05-23 18:52:32','2025-05-23 20:01:34','2025-05-23 19:20:15',NULL,NULL,'2025-05-23 20:01:34','Completa',NULL,NULL,NULL,NULL,NULL,NULL,NULL,NULL,NULL),(20,'OC-20250523-0002',NULL,4,0.00,NULL,'Aprobado',3,NULL,NULL,'2025-05-23 19:21:57','2025-05-27 23:15:51','2025-05-27 23:15:51',NULL,NULL,NULL,NULL,NULL,NULL,NULL,NULL,NULL,NULL,NULL,NULL,NULL),(21,'OC-20250523-0003','2',7,0.00,NULL,'Recibido',3,NULL,NULL,'2025-05-23 19:23:08','2025-05-23 19:41:01','2025-05-23 19:30:43',NULL,NULL,'2025-05-23 19:41:01','Completa',NULL,NULL,NULL,NULL,NULL,NULL,NULL,NULL,NULL),(22,'OC-20250523-0004','4',2,0.00,NULL,'Recibido',3,NULL,NULL,'2025-05-23 20:03:43','2025-05-23 20:09:08','2025-05-23 20:08:28',NULL,NULL,'2025-05-23 20:09:08','Completa',NULL,NULL,NULL,NULL,NULL,NULL,NULL,NULL,NULL),(23,'OC-20250523-0005',NULL,5,0.00,NULL,'Aprobado',3,NULL,NULL,'2025-05-23 20:11:14','2025-05-23 20:11:27','2025-05-23 20:11:27',NULL,NULL,NULL,NULL,NULL,NULL,NULL,NULL,NULL,NULL,NULL,NULL,NULL),(24,'OC-20250523-0006',NULL,9,0.00,NULL,'Solicitado',3,NULL,NULL,'2025-05-23 20:15:29','2025-05-23 20:15:29',NULL,NULL,NULL,NULL,NULL,NULL,NULL,NULL,NULL,NULL,NULL,NULL,NULL,NULL),(25,'OC-20250527-0001','34223423',2,0.00,NULL,'Recibido',3,NULL,NULL,'2025-05-27 02:34:49','2025-05-27 19:35:33','2025-05-27 02:35:06',NULL,NULL,'2025-05-27 19:35:33','Completa',NULL,NULL,NULL,NULL,NULL,NULL,NULL,NULL,NULL),(26,'OC-20250527-0002',NULL,5,0.00,NULL,'Solicitado',3,NULL,NULL,'2025-05-27 02:36:50','2025-05-27 02:36:50',NULL,NULL,NULL,NULL,NULL,NULL,NULL,NULL,NULL,NULL,NULL,NULL,NULL,NULL),(27,'OC-20250527-0003',NULL,7,0.00,NULL,'Con Deuda',3,NULL,NULL,'2025-05-27 18:45:20','2025-05-27 22:17:19','2025-05-27 22:16:54',NULL,NULL,NULL,NULL,NULL,0,1000.00,NULL,NULL,NULL,NULL,NULL,NULL),(28,'OC-20250527-0004',NULL,5,0.00,NULL,'Con Deuda',3,NULL,NULL,'2025-05-27 18:49:46','2025-05-27 23:03:36','2025-05-27 21:46:29',NULL,NULL,NULL,NULL,NULL,0,555.00,NULL,NULL,NULL,NULL,NULL,NULL),(29,'OC-20250527-0005',NULL,2,0.00,NULL,'Con Deuda',3,NULL,NULL,'2025-05-27 18:51:49','2025-05-27 22:12:11','2025-05-27 22:11:52',NULL,NULL,NULL,NULL,NULL,0,1000.00,NULL,NULL,NULL,NULL,NULL,NULL),(30,'OC-20250527-0006',NULL,5,0.00,NULL,'Con Deuda',3,NULL,NULL,'2025-05-27 20:40:33','2025-05-28 00:15:07','2025-05-27 20:43:59',NULL,NULL,NULL,NULL,NULL,0,220.00,NULL,NULL,NULL,NULL,NULL,NULL),(31,'OC-20250527-0007','22',1,400.00,NULL,'Recibido',3,NULL,NULL,'2025-05-27 21:01:08','2025-05-27 21:06:28','2025-05-27 21:02:13',NULL,NULL,'2025-05-27 21:06:28','Completa',NULL,NULL,NULL,NULL,NULL,NULL,NULL,NULL,NULL),(32,'OC-20250527-0008','4',9,2500.00,NULL,'Recibido',3,NULL,NULL,'2025-05-27 21:42:35','2025-05-27 22:21:49','2025-05-27 21:42:44',NULL,NULL,'2025-05-27 22:21:49','Completa',NULL,0,2500.00,NULL,NULL,NULL,NULL,NULL,NULL),(33,'OC-20250527-0009',NULL,5,5438.93,NULL,'Con Deuda',3,NULL,NULL,'2025-05-27 21:46:54','2025-05-27 21:47:19','2025-05-27 21:47:02',NULL,NULL,NULL,NULL,NULL,0,2000.00,NULL,NULL,NULL,NULL,NULL,NULL),(34,'OC-20250527-0010',NULL,2,4500.00,NULL,'Con Deuda',3,NULL,NULL,'2025-05-27 22:06:31','2025-05-27 22:09:33','2025-05-27 22:09:21',NULL,NULL,NULL,NULL,NULL,0,400.00,NULL,NULL,NULL,NULL,NULL,NULL),(35,'OC-20250527-0011',NULL,1,50.00,NULL,'Con Deuda',3,NULL,NULL,'2025-05-27 22:14:43','2025-05-27 22:15:07','2025-05-27 22:14:53',NULL,NULL,NULL,NULL,NULL,0,1000.00,NULL,NULL,NULL,NULL,NULL,NULL),(36,'OC-20250527-0012',NULL,7,3000.00,NULL,'Con Deuda',3,NULL,NULL,'2025-05-27 22:35:01','2025-05-27 22:38:02','2025-05-27 22:35:27',NULL,NULL,NULL,NULL,NULL,0,3.00,NULL,NULL,NULL,NULL,NULL,NULL),(37,'OC-20250527-0013',NULL,5,90000.00,NULL,'Con Deuda',3,NULL,NULL,'2025-05-27 23:10:39','2025-05-27 23:11:31','2025-05-27 23:10:54',NULL,NULL,NULL,NULL,NULL,0,50000.00,NULL,NULL,NULL,NULL,NULL,NULL),(38,'OC-20250527-0014','1',9,122221.00,NULL,'Recibido',3,NULL,NULL,'2025-05-27 23:22:00','2025-05-28 19:01:28','2025-05-27 23:22:12',NULL,NULL,'2025-05-28 19:01:28','Completa',NULL,0,122221.00,NULL,NULL,NULL,NULL,NULL,NULL),(39,'OC-20250528-0001','55',1,5000.00,NULL,'Recibido',3,NULL,NULL,'2025-05-28 00:19:52','2025-05-28 19:00:37','2025-05-28 00:20:17',NULL,NULL,'2025-05-28 19:00:37','Completa',NULL,0,5000.00,NULL,NULL,NULL,NULL,NULL,NULL),(40,'OC-20250528-0002','123',5,1000.00,NULL,'Recibido',3,NULL,NULL,'2025-05-28 00:25:58','2025-05-28 00:27:04','2025-05-28 00:26:13',NULL,NULL,'2025-05-28 00:27:04','Completa',NULL,0,1000.00,NULL,NULL,NULL,NULL,NULL,NULL),(41,'OC-20250528-0003',NULL,5,25.00,NULL,'Con Deuda',3,NULL,NULL,'2025-05-28 19:03:10','2025-05-28 19:03:56','2025-05-28 19:03:23',NULL,NULL,NULL,NULL,NULL,0,10.00,NULL,NULL,NULL,NULL,NULL,NULL),(42,'OC-20250528-0004','123456789',7,5000.00,NULL,'Con Deuda',3,NULL,NULL,'2025-05-28 19:19:49','2025-05-28 19:29:42','2025-05-28 19:19:57',NULL,NULL,'2025-05-28 19:29:42','Completa',NULL,0,2000.00,'Cheque','a',NULL,NULL,NULL,NULL),(43,'OC-20250528-0005','55',5,1.00,NULL,'Con Deuda',3,NULL,NULL,'2025-05-28 19:42:34','2025-05-28 19:43:14','2025-05-28 19:42:43',NULL,NULL,'2025-05-28 19:43:14','Completa',NULL,0,0.00,'Transferencia','Algo falla',NULL,NULL,NULL,NULL),(44,'OC-20250528-0006','1212',2,13332.00,NULL,'Con Deuda',3,NULL,NULL,'2025-05-28 20:00:50','2025-05-28 22:46:00','2025-05-28 20:01:02',NULL,NULL,'2025-05-28 22:46:00','Completa',NULL,0,160.00,'Cheque','aaaaa',NULL,NULL,NULL,NULL),(45,'OC-20250528-0007','123321',2,11110.00,NULL,'Recibido',3,NULL,NULL,'2025-05-28 22:46:58','2025-05-28 23:20:39','2025-05-28 22:47:09',NULL,NULL,'2025-05-28 23:16:28','Completa',NULL,0,11110.00,'Cheque','juan',NULL,NULL,NULL,NULL),(46,'OC-20250528-0008','123321',5,90000.00,NULL,'Con Deuda',3,NULL,NULL,'2025-05-28 23:22:12','2025-05-28 23:23:03','2025-05-28 23:22:20',NULL,NULL,'2025-05-28 23:23:03','Completa',NULL,0,40000.00,'Transferencia',NULL,NULL,NULL,NULL,NULL),(47,'OC-20250528-0009','123',2,2100.00,NULL,'Con Deuda',3,NULL,NULL,'2025-05-28 23:46:57','2025-05-29 00:27:28','2025-05-28 23:47:07',NULL,NULL,'2025-05-29 00:27:28','Completa',NULL,0,6299.97,'Transferencia',NULL,NULL,NULL,NULL,NULL),(48,'OC-20250529-0001','5',5,24.95,NULL,'Con Deuda',3,NULL,NULL,'2025-05-29 00:02:14','2025-05-29 00:20:40','2025-05-29 00:02:23',NULL,NULL,'2025-05-29 00:20:40','Completa',NULL,0,204.83,'Transferencia',NULL,NULL,NULL,NULL,NULL),(49,'OC-20250529-0002','123321',2,1000.00,NULL,'Recibido',3,NULL,NULL,'2025-05-29 00:04:39','2025-05-29 00:06:46','2025-05-29 00:04:46',NULL,NULL,'2025-05-29 00:05:31','Completa',NULL,0,1000.00,'Transferencia',NULL,NULL,NULL,NULL,NULL),(50,'OC-20250529-0003','1212',2,1500.00,NULL,'Recibido',3,NULL,NULL,'2025-05-29 00:11:12','2025-05-29 00:12:17','2025-05-29 00:11:18',NULL,NULL,'2025-05-29 00:11:35','Completa',NULL,0,1500.00,'Transferencia',NULL,NULL,NULL,NULL,NULL),(51,'OC-20250529-0004',NULL,5,1845.00,NULL,'Recibido',3,NULL,NULL,'2025-05-29 00:29:32','2025-05-29 00:30:08','2025-05-29 00:29:41',NULL,NULL,NULL,NULL,NULL,0,1845.00,'Transferencia',NULL,NULL,NULL,NULL,NULL),(52,'OC-20250529-0005',NULL,1,20.00,NULL,'Recibido',3,NULL,NULL,'2025-05-29 00:49:27','2025-05-29 00:52:51','2025-05-29 00:52:39',NULL,NULL,NULL,NULL,NULL,0,20.00,'Transferencia',NULL,NULL,NULL,NULL,NULL),(53,'OC-20250529-0006','321321',5,132.00,NULL,'Recibido',3,NULL,NULL,'2025-05-29 00:50:16','2025-05-29 00:52:23','2025-05-29 00:51:19',NULL,NULL,'2025-05-29 00:51:31','Completa',NULL,0,132.00,'Transferencia',NULL,NULL,NULL,NULL,NULL),(54,'OC-20250529-0007',NULL,2,25.00,NULL,'Recibido',3,NULL,NULL,'2025-05-29 00:54:20','2025-05-29 00:54:50','2025-05-29 00:54:29',NULL,NULL,NULL,NULL,NULL,0,25.00,'Transferencia',NULL,NULL,NULL,NULL,NULL),(55,'OC-20250529-0008','321321',5,10.00,NULL,'Recibido',3,NULL,NULL,'2025-05-29 00:56:00','2025-05-29 01:05:46','2025-05-29 00:56:10',NULL,NULL,'2025-05-29 00:56:25','Completa',NULL,0,10.00,'Efectivo',NULL,NULL,NULL,NULL,NULL),(56,'OC-20250529-0009','123321',5,121.00,NULL,'Recibido',3,NULL,NULL,'2025-05-29 01:11:24','2025-05-29 01:13:38','2025-05-29 01:11:31',NULL,NULL,'2025-05-29 01:13:38','Completa',NULL,0,121.00,'Efectivo',NULL,NULL,NULL,NULL,NULL),(57,'OC-20250529-0010','1232',2,50.00,NULL,'Recibido',3,NULL,NULL,'2025-05-29 01:15:30','2025-05-29 01:16:40','2025-05-29 01:15:50',NULL,NULL,'2025-05-29 01:16:40','Completa',NULL,0,50.00,'Efectivo',NULL,NULL,NULL,NULL,NULL),(58,'OC-20250529-0011','3212',6,16.00,NULL,'Con Deuda',3,NULL,NULL,'2025-05-29 01:15:41','2025-05-29 01:19:10','2025-05-29 01:16:52',NULL,NULL,'2025-05-29 01:19:10','Completa',NULL,0,0.00,'Efectivo',NULL,NULL,NULL,NULL,NULL),(59,'OC-20250529-0012','26',1,4.00,NULL,'Recibido',3,NULL,NULL,'2025-05-29 01:22:19','2025-05-29 01:23:35','2025-05-29 01:22:26',NULL,NULL,'2025-05-29 01:23:35','Completa',NULL,0,4.00,'Efectivo',NULL,NULL,NULL,NULL,NULL),(60,'OC-20250529-0013','12',1,13664.00,NULL,'Recibido',3,NULL,NULL,'2025-05-29 01:24:57','2025-05-29 01:28:54','2025-05-29 01:25:05',NULL,NULL,'2025-05-29 01:28:54','Completa',NULL,0,13664.00,'Efectivo',NULL,NULL,NULL,NULL,NULL),(61,'OC-20250611-0001','0',2,80000.00,NULL,'Con Deuda',3,NULL,NULL,'2025-06-11 20:45:01','2025-06-11 20:45:58','2025-06-11 20:45:10',NULL,NULL,'2025-06-11 20:45:58','Completa',NULL,0,0.00,'Efectivo',NULL,NULL,NULL,NULL,NULL),(62,'OC-20250611-0002',NULL,2,80000.00,NULL,'Aprobado',3,NULL,NULL,'2025-06-11 20:46:17','2025-06-11 20:46:23','2025-06-11 20:46:23',NULL,NULL,NULL,NULL,NULL,NULL,NULL,NULL,NULL,NULL,NULL,NULL,NULL),(63,'OC-20250611-0003','0',2,3500.00,NULL,'Con Deuda',3,NULL,NULL,'2025-06-11 20:47:56','2025-06-11 21:10:10','2025-06-11 20:48:15',NULL,NULL,'2025-06-11 21:10:10','Completa',NULL,0,300.00,'Efectivo',NULL,NULL,NULL,NULL,NULL),(64,'OC-20250611-0004',NULL,9,5600.00,NULL,'Rechazado',3,NULL,NULL,'2025-06-11 21:04:42','2025-06-11 21:05:01',NULL,'2025-06-11 21:05:01','mal',NULL,NULL,NULL,NULL,NULL,NULL,NULL,NULL,NULL,NULL,NULL),(65,'OC-20250612-0001','0',9,0.99,NULL,'Recibido',3,NULL,NULL,'2025-06-12 02:08:10','2025-06-12 03:21:38','2025-06-12 02:08:19',NULL,NULL,'2025-06-12 02:08:25','Completa',NULL,0,0.99,'Efectivo',NULL,NULL,NULL,NULL,NULL),(66,'OC-20250612-0002','0',5,1212.00,NULL,'Con Deuda',3,NULL,NULL,'2025-06-12 02:27:08','2025-06-24 18:39:11','2025-06-16 19:46:09',NULL,NULL,'2025-06-24 18:39:11','Completa',NULL,0,0.00,'Efectivo',NULL,NULL,NULL,NULL,NULL),(67,'OC-20250616-0001','0',7,1200.00,NULL,'Con Deuda',3,NULL,NULL,'2025-06-16 19:40:09','2025-06-24 18:42:12','2025-06-24 18:42:09',NULL,NULL,'2025-06-24 18:42:12','Completa',NULL,0,0.00,'Efectivo',NULL,NULL,NULL,NULL,NULL),(68,'OC-20250624-0001',NULL,1,11.00,NULL,'Solicitado',3,NULL,NULL,'2025-06-24 18:49:56','2025-06-24 18:49:56',NULL,NULL,NULL,NULL,NULL,NULL,NULL,NULL,NULL,NULL,NULL,NULL,NULL,NULL),(69,'OC-20250624-0002','1212',5,1.00,NULL,'Recibido',3,NULL,NULL,'2025-06-24 19:03:15','2025-06-25 01:50:30','2025-06-24 19:08:49',NULL,NULL,'2025-06-25 01:49:18','Completa',NULL,0,1.00,'Efectivo',NULL,NULL,NULL,NULL,NULL),(70,'OC-20250624-0003','1233211',1,48.00,NULL,'Con Deuda',3,NULL,NULL,'2025-06-24 19:09:18','2025-06-25 02:03:30','2025-06-24 19:09:25',NULL,NULL,'2025-06-25 02:03:30','Completa',NULL,0,10.00,'Efectivo',NULL,NULL,NULL,NULL,NULL),(84,'OC-20250624-0004','1213',1,0.00,'','Recibido',3,NULL,NULL,'2025-06-25 01:20:45','2025-06-25 01:47:46','2025-06-25 01:27:10',NULL,NULL,'2025-06-25 01:37:52','Completa',NULL,0,0.00,'Efectivo',NULL,NULL,NULL,NULL,NULL),(89,'OC-20250625-0002',NULL,1,0.00,'','Solicitado',3,NULL,NULL,'2025-06-25 13:06:44','2025-06-25 13:06:44',NULL,NULL,NULL,NULL,NULL,NULL,NULL,NULL,'',NULL,NULL,NULL,NULL,NULL),(90,'OC-20250625-0003','1',1,15.00,'','Con Deuda',3,NULL,NULL,'2025-06-25 13:06:53','2025-06-25 19:08:06','2025-06-25 19:07:31',NULL,NULL,'2025-06-25 19:08:06','Completa',NULL,0,0.00,'Efectivo',NULL,NULL,'','',NULL),(91,'OC-20250625-0004','1212',1,0.00,'','Recibido',3,NULL,NULL,'2025-06-25 13:07:05','2025-06-25 19:07:21','2025-06-25 13:07:45',NULL,NULL,'2025-06-25 19:07:21','Completa',NULL,0,12.00,'Efectivo',NULL,NULL,'','',NULL),(92,'OC-20250625-0005','123',1,0.00,'','Recibido',3,NULL,NULL,'2025-06-25 13:11:15','2025-06-25 13:14:08','2025-06-25 13:11:22',NULL,NULL,'2025-06-25 13:13:35','Completa',NULL,0,0.00,'Efectivo',NULL,NULL,NULL,NULL,NULL),(93,'OC-20250625-0006','19993',1,1950.00,'','Recibido',3,NULL,NULL,'2025-06-25 17:43:04','2025-06-25 18:55:30','2025-06-25 17:43:35',NULL,NULL,'2025-06-25 18:55:30','Completa',NULL,0,1950.00,'Cheque','juan',NULL,'222','1111',NULL),(94,'OC-20250625-0007','1929',7,38000.00,'','Recibido',3,NULL,NULL,'2025-06-25 19:01:07','2025-06-25 19:02:39','2025-06-25 19:01:13',NULL,NULL,'2025-06-25 19:02:39','Completa',NULL,0,38000.00,'Cuenta Corriente',NULL,NULL,'11111','22222',NULL),(95,'OC-20250625-0008','1212',1,100000.00,'','Recibido',3,NULL,NULL,'2025-06-25 19:08:37','2025-06-25 20:08:05','2025-06-25 19:08:43',NULL,NULL,'2025-06-25 20:08:05','Completa',NULL,1,100000.00,'Efectivo',NULL,NULL,'1','2','caja mayor'),(96,'OC-20250707-0001','',1,9900.00,'','Con Deuda',3,NULL,NULL,'2025-07-07 13:17:29','2025-07-07 13:18:23',NULL,NULL,NULL,'2025-07-07 13:18:23','Completa',NULL,0,0.00,'Efectivo',NULL,NULL,'','',NULL),(97,'OC-20250707-0002','',1,0.00,'','Recibido',3,NULL,NULL,'2025-07-07 13:19:28','2025-07-07 13:20:39','2025-07-07 13:19:35',NULL,NULL,'2025-07-07 13:20:39','Parcial',NULL,0,0.00,'Efectivo',NULL,NULL,'','',NULL),(98,'OC-20250709-0001','',1,0.00,'','Recibido',3,NULL,NULL,'2025-07-09 13:29:09','2025-07-09 13:46:20',NULL,NULL,NULL,'2025-07-09 13:46:20','Completa',NULL,0,0.00,'Efectivo',NULL,NULL,'','',NULL),(99,'OC-20250709-0002','',1,1500000.00,'','Recibido',3,NULL,NULL,'2025-07-09 13:48:25','2025-07-14 16:06:15','2025-07-09 13:48:49',NULL,NULL,'2025-07-14 16:06:15','Completa',NULL,0,1500000.00,'Cheque','',NULL,'','',NULL),(100,'OC-20250714-0001','',1,1085.00,'','Con Deuda',3,NULL,NULL,'2025-07-14 16:08:05','2025-07-14 16:09:01','2025-07-14 16:08:09',NULL,NULL,'2025-07-14 16:09:01','Completa',NULL,0,0.00,'Efectivo',NULL,NULL,'','',NULL),(101,'OC-20250714-0002','123',7,0.00,'materia prima','Recibido',3,NULL,NULL,'2025-07-14 16:30:02','2025-07-14 16:58:22','2025-07-14 16:37:00',NULL,NULL,'2025-07-14 16:58:22','Completa',NULL,0,0.00,'Efectivo',NULL,NULL,'','',NULL),(102,'OC-20250714-0003',NULL,1,0.00,'1','Solicitado',3,NULL,NULL,'2025-07-14 16:40:02','2025-07-14 16:40:02',NULL,NULL,NULL,NULL,NULL,NULL,NULL,NULL,'',NULL,NULL,NULL,NULL,NULL),(103,'OC-20250717-0001','5',1,997.00,'','Recibido',3,NULL,NULL,'2025-07-17 12:21:09','2025-07-31 21:57:19','2025-07-31 21:56:39',NULL,NULL,'2025-07-31 21:57:19','Completa',NULL,0,1000.00,'Efectivo',NULL,NULL,'','',NULL),(104,'OC-20250813-0001','55',10,4950.00,'lopo','Recibido',3,NULL,NULL,'2025-08-14 00:43:17','2025-08-14 00:45:37','2025-08-14 00:43:37',NULL,NULL,'2025-08-14 00:45:37','Completa',NULL,0,4950.00,'Efectivo',NULL,NULL,'','',NULL);
/*!40000 ALTER TABLE `ordenes_compra` ENABLE KEYS */;
UNLOCK TABLES;

--
-- Table structure for table `precios_especiales_cliente`
--

DROP TABLE IF EXISTS `precios_especiales_cliente`;
/*!40101 SET @saved_cs_client     = @@character_set_client */;
/*!50503 SET character_set_client = utf8mb4 */;
CREATE TABLE `precios_especiales_cliente` (
  `id` int NOT NULL AUTO_INCREMENT,
  `cliente_id` int NOT NULL,
  `producto_id` int NOT NULL,
  `precio_unitario_fijo_ars` decimal(15,4) NOT NULL,
  `activo` tinyint(1) NOT NULL,
  `fecha_creacion` datetime DEFAULT NULL,
  `fecha_modificacion` datetime DEFAULT NULL,
  PRIMARY KEY (`id`),
  UNIQUE KEY `uq_cliente_producto_precio_especial` (`cliente_id`,`producto_id`),
  KEY `ix_precios_especiales_cliente_cliente_id` (`cliente_id`),
  KEY `ix_precios_especiales_cliente_producto_id` (`producto_id`),
  CONSTRAINT `precios_especiales_cliente_ibfk_1` FOREIGN KEY (`cliente_id`) REFERENCES `clientes` (`id`),
  CONSTRAINT `precios_especiales_cliente_ibfk_2` FOREIGN KEY (`producto_id`) REFERENCES `productos` (`id`)
) ENGINE=InnoDB AUTO_INCREMENT=79 DEFAULT CHARSET=utf8mb4 COLLATE=utf8mb4_unicode_ci;
/*!40101 SET character_set_client = @saved_cs_client */;

--
-- Dumping data for table `precios_especiales_cliente`
--

LOCK TABLES `precios_especiales_cliente` WRITE;
/*!40000 ALTER TABLE `precios_especiales_cliente` DISABLE KEYS */;
INSERT INTO `precios_especiales_cliente` VALUES (2,13,36,4160.0000,1,'2025-05-23 02:09:23','2025-07-01 17:53:09'),(3,14,77,2650.0000,1,'2025-05-23 02:13:41','2025-07-01 17:53:09'),(5,15,10,3180.0000,1,'2025-05-23 02:19:50','2025-07-01 17:53:09'),(7,16,56,5200.0000,1,'2025-05-23 02:28:56','2025-07-01 17:53:09'),(9,16,129,152000.0000,1,'2025-05-23 02:40:44','2025-07-01 17:53:09'),(10,17,1,100.0000,1,'2025-06-11 13:34:30','2025-07-01 17:53:09'),(13,18,16,3180.0000,1,'2025-06-13 19:52:42','2025-07-01 17:53:09'),(14,18,54,3180.0000,1,'2025-06-13 19:52:42','2025-07-01 17:53:09'),(16,19,8,100.0000,1,'2025-06-14 22:18:28','2025-07-01 17:53:09'),(21,9,8,2650.0000,1,'2025-06-15 00:58:15','2025-07-01 17:53:09'),(24,20,23,2323.0000,1,'2025-08-14 00:32:16','2025-08-14 00:32:16'),(25,20,22,2323.0000,1,'2025-08-14 00:32:17','2025-08-14 00:32:17'),(26,20,92,1.0000,1,'2025-08-14 00:32:17','2025-08-14 00:32:17'),(27,65,135,1530.0000,1,'2025-08-22 00:00:54','2025-08-22 00:00:54'),(28,65,111,525.0000,1,'2025-08-22 00:00:54','2025-08-22 00:00:54'),(29,65,279,545.0000,1,'2025-08-22 00:00:54','2025-08-22 00:00:54'),(30,65,110,1530.0000,1,'2025-08-22 00:00:54','2025-08-22 00:00:54'),(31,127,135,1390.0000,1,'2025-08-22 00:00:54','2025-08-22 00:00:54'),(32,127,132,1390.0000,1,'2025-08-22 00:00:54','2025-08-22 00:00:54'),(33,180,283,3923.5000,1,'2025-08-22 00:00:54','2025-08-22 00:00:54'),(34,153,135,1295.0000,1,'2025-08-22 00:00:54','2025-08-22 00:00:54'),(35,153,132,1295.0000,1,'2025-08-22 00:00:54','2025-08-22 00:00:54'),(36,150,135,1420.0000,1,'2025-08-22 00:00:54','2025-08-22 00:00:54'),(37,150,132,1420.0000,1,'2025-08-22 00:00:54','2025-08-22 00:00:54'),(38,61,92,472.5000,1,'2025-08-22 00:00:54','2025-08-22 00:00:54'),(39,186,135,1400.0000,1,'2025-08-22 00:00:54','2025-08-22 00:00:54'),(40,186,132,1400.0000,1,'2025-08-22 00:00:54','2025-08-22 00:00:54'),(41,185,135,1280.0000,1,'2025-08-22 00:00:54','2025-08-22 00:00:54'),(42,185,132,1280.0000,1,'2025-08-22 00:00:54','2025-08-22 00:00:54'),(43,394,132,1360.0000,1,'2025-08-22 00:00:54','2025-08-22 00:00:54'),(44,117,135,1360.0000,1,'2025-08-22 00:00:54','2025-08-22 00:00:54'),(45,289,132,1280.0000,1,'2025-08-22 00:00:54','2025-08-22 00:00:54'),(46,103,116,47880.0000,1,'2025-08-22 00:00:54','2025-08-22 00:00:54'),(47,103,132,1280.0000,1,'2025-08-22 00:00:54','2025-08-22 00:00:54'),(48,65,280,575.0000,1,'2025-08-22 00:00:54','2025-08-22 00:00:54'),(49,144,110,1270.0000,1,'2025-08-22 00:00:54','2025-08-22 00:00:54'),(50,144,188,4003.3000,1,'2025-08-22 00:00:54','2025-08-22 00:00:54'),(51,65,185,3657.5000,1,'2025-08-22 00:00:54','2025-08-22 00:00:54'),(52,113,185,3511.2000,1,'2025-08-22 00:00:54','2025-08-22 00:00:54'),(53,46,185,3657.5000,1,'2025-08-22 00:00:54','2025-08-22 00:00:54'),(54,197,185,3657.5000,1,'2025-08-22 00:00:54','2025-08-22 00:00:54'),(55,289,78,9110.5000,1,'2025-08-22 00:00:54','2025-08-22 00:00:54'),(56,289,187,7980.0000,1,'2025-08-22 00:00:54','2025-08-22 00:00:54'),(57,346,116,38570.0000,1,'2025-08-22 00:00:54','2025-08-22 00:00:54'),(58,346,185,3059.0000,1,'2025-08-22 00:00:54','2025-08-22 00:00:54'),(59,156,185,3657.5000,1,'2025-08-22 00:00:54','2025-08-22 00:00:54'),(60,358,283,3591.0000,1,'2025-08-22 00:00:54','2025-08-22 00:00:54'),(61,117,132,1360.0000,1,'2025-08-22 00:00:54','2025-08-22 00:00:54'),(62,40,283,4109.0909,1,'2025-08-22 00:00:54','2025-08-27 12:14:49'),(63,108,185,3657.5000,1,'2025-08-22 00:00:54','2025-08-22 00:00:54'),(64,185,185,3591.0000,1,'2025-08-22 00:00:54','2025-08-22 00:00:54'),(65,185,234,5160.4000,1,'2025-08-22 00:00:54','2025-08-22 00:00:54'),(66,180,75,4802.7778,1,'2025-08-22 00:00:54','2025-08-27 12:14:49'),(67,152,234,5559.4000,1,'2025-08-22 00:00:54','2025-08-22 00:00:54'),(68,113,135,1350.0000,1,'2025-08-22 00:00:54','2025-08-22 00:00:54'),(69,27,51,790.0000,1,'2025-08-22 00:00:54','2025-08-22 00:00:54'),(70,27,280,610.0000,1,'2025-08-22 00:00:54','2025-08-22 00:00:54'),(71,159,135,1300.0000,1,'2025-08-22 00:00:54','2025-08-22 00:00:54'),(72,79,132,1360.0000,1,'2025-08-22 00:00:54','2025-08-22 00:00:54'),(73,108,135,1440.0000,1,'2025-08-22 00:00:54','2025-08-22 00:00:54'),(74,127,234,5426.4000,1,'2025-08-22 00:00:54','2025-08-22 00:00:54'),(75,357,147,715.0000,1,'2025-08-22 00:00:54','2025-08-22 00:00:54'),(76,46,92,480.0000,1,'2025-08-22 00:00:54','2025-08-22 00:00:54'),(77,489,23,0.9600,1,'2025-08-28 17:34:51','2025-08-28 17:34:51'),(78,492,1003,111.0000,1,'2025-08-28 18:39:10','2025-08-28 18:39:10');
/*!40000 ALTER TABLE `precios_especiales_cliente` ENABLE KEYS */;
UNLOCK TABLES;

--
-- Table structure for table `productos`
--

DROP TABLE IF EXISTS `productos`;
/*!40101 SET @saved_cs_client     = @@character_set_client */;
/*!50503 SET character_set_client = utf8mb4 */;
CREATE TABLE `productos` (
  `id` int NOT NULL AUTO_INCREMENT,
  `nombre` varchar(200) COLLATE utf8mb4_unicode_ci NOT NULL,
  `unidad_venta` varchar(50) COLLATE utf8mb4_unicode_ci DEFAULT NULL,
  `margen` decimal(10,4) DEFAULT NULL,
  `tipo_calculo` varchar(2) COLLATE utf8mb4_unicode_ci DEFAULT NULL,
  `ref_calculo` varchar(50) CHARACTER SET utf8mb4 COLLATE utf8mb4_unicode_ci DEFAULT NULL,
  `costo_referencia_usd` decimal(15,4) DEFAULT NULL,
  `es_receta` tinyint(1) NOT NULL DEFAULT '0',
  `ajusta_por_tc` tinyint(1) DEFAULT '0',
  `fecha_actualizacion_costo` datetime DEFAULT CURRENT_TIMESTAMP ON UPDATE CURRENT_TIMESTAMP,
  `activo` tinyint(1) NOT NULL DEFAULT '0',
  PRIMARY KEY (`id`),
  KEY `ix_productos_es_receta` (`es_receta`),
  KEY `ix_productos_activo` (`activo`),
  CONSTRAINT `productos_chk_1` CHECK (((`margen` >= 0) and (`margen` < 1)))
) ENGINE=InnoDB AUTO_INCREMENT=80462257 DEFAULT CHARSET=utf8mb4 COLLATE=utf8mb4_unicode_ci;
/*!40101 SET character_set_client = @saved_cs_client */;

--
-- Dumping data for table `productos`
--

LOCK TABLES `productos` WRITE;
/*!40000 ALTER TABLE `productos` DISABLE KEYS */;
INSERT INTO `productos` VALUES (1,'Agua','Litros',0.3000,'PD','1',0.0010,0,0,'2025-07-29 10:50:13',1),(4,'DETERGENTE CONCENTRADO QUIMEX','KG',0.0000,'PD','225',0.8137,1,1,'2025-09-01 15:15:44',1),(8,'ACE 66','KG',0.5000,'PD','25',0.7040,1,1,'2025-09-01 15:15:44',1),(10,'ACEITE ANANA','LT',0.3100,'PD','1',20.6200,0,1,'2025-07-29 16:03:14',1),(11,'ACEITE ARIEL','LT',0.3100,'PD','1',21.5000,0,1,'2025-07-29 10:50:13',1),(13,'ACEITE ARPEIGE','LT',0.3100,'PD','1',19.4400,0,1,'2025-07-29 10:50:13',1),(15,'ACEITE CHERRY','LT',0.3100,'PD','1',18.7800,0,1,'2025-07-29 10:50:13',1),(16,'ACEITE CHICLE','LT',0.3100,'PD','1',17.3100,0,1,'2025-07-29 10:50:13',1),(17,'ACEITE CITRONELLA','LT',0.3100,'PD','1',18.0000,0,1,'2025-07-29 10:50:13',1),(19,'ACEITE CONIGLIO','LT',0.3100,'PD','1',21.3400,0,1,'2025-07-29 10:50:13',1),(21,'ACEITE FLORAL','LT',0.3100,'PD','1',19.4400,0,1,'2025-07-29 10:50:13',1),(22,'ACEITE FRUTILLA','LT',0.3100,'PD','1',18.7500,0,1,'2025-07-29 10:50:13',1),(23,'ACEITE LAVADERO','LT',0.3100,'PD','1',23.1600,0,1,'2025-07-29 10:50:13',1),(24,'ACEITE LAVANDA','LT',0.3100,'PD','1',20.6200,0,1,'2025-07-29 10:50:13',1),(25,'ACEITE LIMON','LT',0.3100,'PD','1',17.9200,0,1,'2025-07-29 10:50:13',1),(26,'ACEITE LISOFORM','LT',0.3100,'PD','1',9.0600,1,1,'2025-08-11 00:03:05',1),(27,'ACEITE MANZANA','LT',0.3100,'PD','1',0.0000,0,1,'2025-07-29 10:50:13',1),(28,'ACEITE MARINA','LT',0.3100,'PD','1',20.6200,0,1,'2025-07-29 10:50:13',1),(29,'ACEITE MIX FRUTAL','LT',0.3100,'PD','1',20.6200,0,1,'2025-07-29 10:50:13',1),(30,'ACEITE NARANJA','LT',0.3100,'PD','1',13.3100,0,1,'2025-07-29 10:50:13',1),(31,'ACEITE PINO','LT',0.3100,'PD','1',9.0600,0,1,'2025-07-29 10:50:13',1),(32,'ACEITE SILICONA 1000','LT',0.5000,'PD','1',5.8200,0,1,'2025-07-29 10:50:13',1),(33,'ACEITE SKIPP','LT',0.3100,'PD','1',24.8000,0,1,'2025-07-29 10:50:13',1),(34,'ACEITE UVA','LT',0.3100,'PD','1',17.3100,0,1,'2025-07-29 10:50:13',1),(35,'ACEITE VIVERE','LT',0.3100,'PD','1',19.5200,0,1,'2025-07-29 10:50:13',1),(36,'ACETATO DE BUTILO','LT',0.5000,'PD','1',6.6600,0,1,'2025-07-29 10:50:13',1),(37,'ACIDO CITRICO','KG',0.5000,'PD','1',3.0000,0,1,'2025-09-01 11:22:36',1),(38,'ACIDO FOSFORICO 85%','LT',0.3500,'PD','1',4.2400,0,1,'2025-07-29 10:50:13',1),(40,'ACIDO PERACETICO','LT',0.5300,'PL','1',0.0000,0,1,'2025-07-29 10:50:13',1),(41,'AGUA OXIGENADA 250 VOL','LT',0.5000,'PD','1',1.7800,0,1,'2025-07-29 10:50:13',1),(42,'ALCOHOL 96','LT',0.2900,'PD','10',0.9200,0,1,'2025-08-15 20:07:27',1),(43,'ALCOHOL EN GEL','LT',0.7800,'PL','1',0.6528,1,0,'2025-09-01 15:15:44',1),(44,'ALCOHOL FAJINAR 70%','LT',0.4800,'PL','5',0.6811,1,0,'2025-09-01 15:15:44',1),(45,'ALGUICIDA','LT',0.5800,'PL','5',0.7209,1,0,'2025-09-01 15:15:44',1),(46,'ALQUILOAMIDA DE COCO','LT',0.3100,'PD','1',0.0000,0,1,'2025-07-29 10:50:13',1),(50,'ARIEL LIQUIDO','LT',0.3800,'PL','20',0.2791,1,0,'2025-09-01 15:15:44',1),(51,'ARIEL PREMIUM','LT',0.4700,'PL','20',0.3390,1,0,'2025-09-01 15:15:44',1),(53,'Atomizadores 125 cc','UN',0.5200,'PD','1',NULL,0,1,'2025-07-29 10:50:13',1),(54,'Atomizadores 250 cc','UN',0.5100,'PD','1',0.4200,0,1,'2025-07-29 10:50:13',1),(55,'BAJA ESPUMA T/ARIEL','KG',0.3800,'PD','20',NULL,0,0,'2025-07-29 10:50:13',1),(56,'BAJA ESPUMA T/SKIPP','KG',0.3800,'PD','20',0.0000,0,0,'2025-07-29 10:50:13',1),(57,'BAÑOS QUIMICOS','LT',0.5400,'PL','5',1.0872,1,0,'2025-09-01 15:15:44',1),(60,'BASE SHAMPOO','LT',0.7000,'PL','5',0.1576,1,0,'2025-09-01 15:15:44',1),(61,'BETAINA 30%','LT',0.2600,'PD','200',1.3260,0,1,'2025-07-29 10:50:13',1),(62,'BICARBONATO DE SODIO','KG',0.3800,'PD','1',2.6000,0,1,'2025-07-29 10:50:13',1),(63,'Bidon x 10 lts','UN',0.1600,'PD','1',1.0800,0,1,'2025-08-11 00:04:01',1),(64,'Bidon x 20 lts','UN',0.3800,'PD','1',4.0000,0,1,'2025-08-11 00:04:22',1),(65,'Bidon x 5 lts','UN',0.1700,'PD','1',0.5800,0,1,'2025-08-11 00:04:14',1),(67,'BLANQUEADOR OPTICO','LT',0.5100,'PD','1',10.5300,0,1,'2025-07-29 10:50:13',1),(68,'Botella x 100 cc','UN',0.3800,'PD','10',0.1600,0,1,'2025-08-11 00:04:34',1),(69,'Botella x 1000 cc','UNIDAD',0.3800,'PD','1',0.3700,0,1,'2025-08-11 00:04:42',1),(70,'Botella x 200 cc','UN',0.3800,'PD','1',0.0000,0,0,'2025-07-29 10:50:13',1),(71,'Botella x 250 cc','UN',0.3800,'PD','1',0.3300,0,1,'2025-08-11 00:04:51',1),(72,'Botella x 500 cc','UN',0.3800,'PD','1',0.3400,0,1,'2025-08-11 00:04:59',1),(73,'BOTELLITAS ESENCIA X 100 CC','UN',0.5300,'PD','1',0.5910,1,0,'2025-09-01 15:15:44',1),(74,'BTD','KG',0.5000,'PD','35',3.2735,1,1,'2025-07-29 10:50:13',1),(75,'BUTILGLICOL','LT',0.2600,'PL','200',3.6500,0,1,'2025-07-29 10:50:13',1),(76,'C25','LT',0.5000,'PD','1',2.5705,1,1,'2025-07-29 10:50:13',1),(77,'C50','LT',0.5000,'PD','1',5.1400,0,1,'2025-07-29 10:50:13',1),(78,'C80','LT',0.5000,'PD','1',4.8000,0,1,'2025-07-29 10:50:13',1),(79,'CARBOMER','KG',0.4000,'PD','1',22.9500,0,1,'2025-07-29 10:50:13',1),(80,'Carbonato de calcio #350','KG',0.5000,'PD','1',1.7000,0,1,'2025-07-29 10:50:13',1),(81,'CD','LT',0.5900,'PD','1',7.1400,0,1,'2025-07-29 10:50:13',1),(82,'CERA ACRILICA COLOR CONCENTRADA','LT',0.3700,'PD','5',2.1241,1,1,'2025-07-29 10:50:13',1),(83,'CERA ACRILICA L/U COLOR','LT',0.4900,'PL','5',0.7795,1,0,'2025-09-01 15:15:44',1),(84,'CERA ACRILICA L/U NATURAL','LT',0.4900,'PL','5',0.6739,1,0,'2025-09-01 15:15:44',1),(85,'CERA ACRILICA NATURAL CONCENTRADA','LT',0.3800,'PD','5',1.8361,1,1,'2025-07-29 10:50:13',1),(86,'CERA AUTOBRILLO COLOR CONCENTRADA','LT',0.3800,'PD','5',2.1241,1,1,'2025-07-29 10:50:13',1),(87,'CERA AUTOBRILLO L/U COLOR','LT',0.4900,'PL','5',0.7795,1,0,'2025-09-01 15:15:44',1),(88,'CERA AUTOBRILLO L/U NATURAL','LT',0.4900,'PL','5',0.6739,1,0,'2025-09-01 15:15:44',1),(89,'CERA AUTOBRILLO NATURAL CONCENTRADA','LT',0.3800,'PD','5',1.8361,1,1,'2025-07-29 10:50:13',1),(90,'CERA TEFLON','LT',0.5300,'PD','1',2.1255,1,0,'2025-07-29 10:50:13',1),(91,'CETILICO','KG',0.2600,'PD','1',4.6000,0,1,'2025-07-29 10:50:13',1),(92,'CLORO','LT',0.3800,'PL','10',0.2552,1,1,'2025-09-01 15:15:44',1),(93,'CLORO EN POLVO','KG',0.4000,'PD','1',4.2000,0,1,'2025-07-29 10:50:13',1),(94,'CLORO PASTILLAS 200 GR X KG','KG',0.4000,'PD','1',4.4000,0,1,'2025-07-29 10:50:13',1),(95,'CLORO PASTILLAS 200 GR x UN','UN',0.5100,'PD','1',0.8800,1,1,'2025-07-29 10:50:13',1),(96,'CLORO PASTILLAS 50 GR X KG','KG',0.3400,'PD','1',5.9200,0,1,'2025-07-29 10:50:13',1),(97,'CLORO PASTILLAS 50 GR X UN','UN',0.5100,'PD','1',0.2960,1,1,'2025-07-29 10:50:13',1),(98,'CMC','KG',0.4000,'PD','1',9.6800,0,1,'2025-07-29 10:50:13',1),(99,'COLOR LIQUIDO','LT',0.5100,'PD','1',1.7200,0,1,'2025-08-02 14:45:47',1),(100,'COLOR POLVO','KG',0.3700,'PD','1',43.0000,0,1,'2025-07-29 10:50:13',1),(106,'COMPONENTES DETERGENTE','UNIDAD',0.4000,'PD','1',NULL,0,1,'2025-07-29 10:50:13',1),(107,'COMPONENTES JABON LIQUIDO',NULL,NULL,NULL,NULL,NULL,0,0,'2025-08-22 12:52:49',1),(108,'COMPONENTES SUAVIZANTE','UNIDAD',0.4000,'PD','1',23.4100,0,1,'2025-07-29 10:50:13',1),(109,'COMUN (LAVADO MANUAL)','LT',0.5400,'PL','10',0.1444,1,0,'2025-09-01 15:15:44',1),(110,'CONCENTRADO','LT',0.4100,'PL','10',0.8900,1,1,'2025-08-02 11:39:53',1),(111,'CONFORT','LT',0.5600,'PL','10',0.2042,1,0,'2025-09-01 15:15:44',1),(112,'CPH','LT',0.5100,'PD','1',1.0500,0,1,'2025-07-29 10:50:13',1),(113,'CREMOSO','LT',0.5700,'PL','10',0.3170,1,0,'2025-09-01 15:15:44',1),(114,'DBI','KG',0.5100,'PD','1',1.2700,0,1,'2025-07-29 10:50:13',1),(116,'DEET','LT',0.5000,'PD','1',11.6200,0,1,'2025-07-29 10:50:13',1),(118,'DESENGRASANTE EN GEL','LT',0.8630,'PL','5',0.3736,1,0,'2025-09-01 15:15:44',1),(119,'DESENGRASANTE L/U NARANJA','LT',0.6300,'PL','5',0.2047,1,0,'2025-07-29 20:03:06',1),(120,'DESENGRASANTE L/U VERDE','LT',0.6300,'PL','5',0.2047,1,0,'2025-07-29 20:03:59',1),(121,'DESENGRASANTE NARANJA CONCENTRADO','LT',0.5400,'PL','5',0.6216,1,0,'2025-09-01 15:15:44',1),(123,'DESENGRASANTE VERDE CONCENTRADO','LT',0.5400,'PL','5',0.6051,1,0,'2025-09-01 15:15:44',1),(125,'DESMANCHADOR CONCENTRADO','LT',0.5400,'PL','5',0.6729,1,0,'2025-09-01 15:15:44',1),(127,'DESMANCHADOR L/U','LT',0.6300,'PL','5',0.2026,1,0,'2025-09-01 15:15:44',1),(128,'DESODORANTE LISOFORM','LT',0.8600,'PL','5',0.0892,1,0,'2025-09-01 15:15:44',1),(129,'DESODORANTE P/PISOS','LT',0.8600,'PL','5',0.0892,1,0,'2025-09-01 15:15:44',1),(130,'DESTAPA CAÑERIAS','LT',0.8200,'PL','1',0.4828,1,0,'2025-09-01 15:15:44',1),(131,'DESTINTANTE','LT',0.7600,'PD','200',0.3264,1,1,'2025-09-01 15:15:44',1),(132,'DETERGENTE AMONIACAL','KG',0.2000,'PD','100',0.8900,1,1,'2025-08-02 11:39:53',1),(133,'DETERGENTE LIMON','LT',0.4800,'PL','10',0.2670,1,0,'2025-09-01 15:15:44',1),(135,'DETERGENTE SODICO','KG',0.2000,'PD','100',0.8900,1,1,'2025-08-02 11:39:53',1),(138,'DMD','KG',0.2600,'PD','180',8.9500,0,1,'2025-07-29 10:50:13',1),(139,'DPG','LT',0.5000,'PD','1',0.0000,0,1,'2025-07-29 10:50:13',1),(140,'DSC-CIP','KG',0.5000,'PD','1',0.9483,1,1,'2025-09-01 15:15:44',1),(141,'ECHO EN EL BALDE CONCENTRADO','LT',0.5100,'PD','5',1.6346,1,1,'2025-09-01 15:15:44',1),(142,'ECHO EN EL BALDE L/U','LT',0.6200,'PL','1',0.5401,1,0,'2025-09-01 15:15:44',1),(143,'EDTA','KG',0.4000,'PD','1',6.5700,0,1,'2025-07-29 10:50:13',1),(145,'EMUSLION BRILLO FINAL','UNIDAD',0.5400,'PL','1',2.4500,0,1,'2025-07-29 10:50:13',1),(146,'ENJUAGUE','LT',0.7800,'PL','1',0.1444,1,0,'2025-09-01 15:15:44',1),(147,'ENJUAGUE CAPILAR','LT',0.8000,'PL','1',0.2177,1,0,'2025-09-01 15:15:44',1),(148,'ESCOBA','UNIDAD',0.3500,'PL','1',4.0900,0,1,'2025-07-29 10:50:13',1),(149,'ESENCIA ARPEIGE','LT',0.4500,'PD','1',4.4100,0,1,'2025-07-29 10:50:13',1),(151,'ESENCIA BB','LT',0.4500,'PD','1',4.4100,0,1,'2025-07-29 10:50:13',1),(153,'ESENCIA CHICLE','LT',0.4500,'PD','1',4.4100,0,1,'2025-07-29 10:50:13',1),(155,'ESENCIA CITRONELA','LT',0.4800,'PD','1',4.4100,0,1,'2025-07-29 10:50:13',1),(157,'ESENCIA FLORAL','LT',0.4500,'PD','1',4.4100,0,1,'2025-07-29 10:50:13',1),(159,'ESENCIA FRUTILLA','LT',0.4500,'PD','1',4.4100,0,1,'2025-07-29 10:50:13',1),(161,'ESENCIA LAVANDA','LT',0.4500,'PD','1',4.4100,0,1,'2025-07-29 10:50:13',1),(163,'ESENCIA LIMON','LT',0.4500,'PD','1',4.4100,0,1,'2025-07-29 10:50:13',1),(165,'ESENCIA LISOFORM','LT',0.4500,'PD','1',4.4100,0,1,'2025-07-29 10:50:13',1),(167,'ESENCIA MARINA','LT',0.4500,'PD','1',4.4100,0,1,'2025-07-29 10:50:13',1),(169,'ESENCIA MIX FRUTAL','LT',0.4500,'PD','1',4.4100,0,1,'2025-07-29 10:50:13',1),(171,'ESENCIA PINO','LT',0.4500,'PD','1',4.4100,0,1,'2025-07-29 10:50:13',1),(173,'ESENCIA UVA','LT',0.4500,'PD','1',4.4100,0,1,'2025-07-29 10:50:13',1),(176,'ESENCIA VIVERE','LT',0.4800,'PD','1',4.4100,0,1,'2025-07-29 10:50:13',1),(179,'ESPONJAS CHICAS','UNIDAD',0.3600,'PL','1',0.2700,0,1,'2025-07-29 10:50:13',1),(180,'ESPONJAS GRANDES','UNIDAD',0.3700,'PL','1',1.7000,0,1,'2025-07-29 10:50:13',1),(181,'ESPUMA ACTIVA','LT',0.5800,'PL','5',0.7746,1,1,'2025-09-01 15:15:44',1),(182,'ETILENGLICOL','LT',0.3200,'PD','1',2.2700,0,1,'2025-07-29 10:50:13',1),(183,'ETILICO','LT',0.5100,'PD','1',0.9200,0,1,'2025-07-29 10:50:13',1),(184,'ETOXILADO AL 25%','LT',0.5000,'PD','1',0.7852,1,1,'2025-09-01 15:15:44',1),(185,'ETOXILADO AL 70%','KG',0.2400,'PD','200',2.1500,0,1,'2025-08-02 11:37:03',1),(187,'FLOCULANTE','LT',0.5800,'PL','5',0.6009,1,0,'2025-09-01 15:15:44',1),(188,'FLUIDO ACAROINA','LT',0.4400,'PD','5',1.9400,0,1,'2025-07-29 10:50:13',1),(189,'FORMOL','LT',0.5100,'PD','1',1.4000,0,1,'2025-07-29 10:50:13',1),(190,'Glicerina','LT',0.5100,'PD','1',2.3900,0,1,'2025-07-29 10:50:13',1),(192,'HIGIENICO 80X30','BOLSON',0.2200,'PD','1',8.3700,0,1,'2025-07-29 10:50:13',1),(193,'HPMC','KG',0.4000,'PD','1',8.5000,0,1,'2025-07-29 10:50:13',1),(194,'INSECTICIDA MULTIFUNCION CONCENTRADO','LT',0.3500,'PD','1',25.9300,0,1,'2025-07-29 10:50:13',1),(195,'INSECTICIDA MULTIFUNCION L/U','LT',0.7300,'PL','10',0.2603,1,0,'2025-09-01 15:15:44',1),(196,'JABON BLANCO','UNIDAD',0.4000,'PL','1',0.3400,0,1,'2025-07-29 10:50:13',1),(197,'JABON LIQUIDO P/MANOS','LT',0.6800,'PL','5',0.2141,1,0,'2025-09-01 15:15:44',1),(198,'JABON LIQUIDO P/MANOS ANTIBACTERIAL','LT',0.6800,'PL','5',0.2141,1,0,'2025-09-01 15:15:44',1),(199,'JABON LIQUIDO P/MANOS CONIGLIO','LT',0.6800,'PL','5',0.2141,1,0,'2025-09-01 15:15:44',1),(200,'JABON LIQUIDO P/MANOS FRUTILLA','LT',0.6800,'PL','5',0.2141,1,0,'2025-09-01 15:15:44',1),(201,'JABON LIQUIDO P/MANOS LIMON','LT',0.6800,'PL','5',0.2141,1,0,'2025-09-01 15:15:44',1),(203,'JABON TOCADOR X 3 UN','UNIDAD',0.3700,'PL','1',1.2300,0,1,'2025-07-29 10:50:13',1),(205,'KATHON','LT',0.5000,'PD','1',3.2700,0,1,'2025-07-29 10:50:13',1),(206,'LATEX OPACANTE','LT',0.5000,'PD','1',5.1300,0,1,'2025-07-29 10:50:13',1),(209,'LAVAMOTOR','LT',0.5500,'PD','1',1.7295,1,1,'2025-08-11 00:03:10',1),(210,'LAVANDINA','LT',0.5500,'PL','10',0.1505,1,0,'2025-08-14 00:41:50',1),(211,'LAVANDINA EN GEL','LT',0.7600,'PL','5',0.1626,1,0,'2025-09-01 15:15:44',1),(212,'LAVANDINA ROPA BLANCA','LT',0.7900,'PL','10',0.1809,1,0,'2025-09-01 15:15:44',1),(213,'LAVANDINA ROPA COLOR','LT',0.9000,'PL','10',0.0492,1,0,'2025-09-01 15:15:44',1),(214,'LAVAPARABRISAS','LT',0.7600,'PL','5',2.6600,0,0,'2025-07-29 10:50:13',1),(215,'LAVAPLUMAS','LT',0.5500,'PL','5',1.1927,1,1,'2025-09-01 15:15:44',1),(219,'LAVAVAJILLAS AUTOM','LT',0.5000,'PD','1',0.5483,1,0,'2025-09-01 15:15:44',1),(220,'LIMPIADOR CREMOSO','LT',0.8200,'PL','1',0.3143,1,0,'2025-09-01 15:15:44',1),(222,'LIMPIATAPIZADOS','LT',0.7800,'PL','5',0.4491,1,0,'2025-09-01 15:15:44',1),(223,'LIMPIAVIDRIOS','LT',0.8700,'PL','10',0.1474,1,0,'2025-09-01 15:15:44',1),(225,'LUSTRAMUEBLES','LT',0.6000,'PL','1',1.5234,1,0,'2025-08-02 13:22:50',1),(226,'MADERA 800 CC','UN',0.3700,'PD','1',0.0000,0,0,'2025-07-29 10:50:13',1),(228,'MAGISTRAL ULTRA','LT',0.5800,'PL','10',0.2713,1,0,'2025-09-01 15:15:44',1),(229,'MOJA MOPA','LT',0.5400,'PL','1',1.5236,1,1,'2025-09-01 15:15:44',1),(230,'N65','KG',0.3700,'PD','1',1.7000,1,1,'2025-07-29 10:50:13',1),(231,'NACARANTE EN FRIO','LT',0.5000,'PD','1',2.8800,0,1,'2025-07-29 10:50:13',1),(234,'NONILFENOL 10M','LT',0.2700,'PD','200',4.3100,0,1,'2025-07-29 10:50:13',1),(235,'OCAGRAS','KG',0.5000,'PD','1',1.0034,1,1,'2025-09-01 15:15:44',1),(236,'OXIDO DE AMINA','LT',0.5000,'PD','1',3.0400,0,1,'2025-07-29 10:50:13',1),(237,'OXIPOWER','KG',0.3800,'PD','1',2.6600,0,0,'2025-07-29 10:50:13',1),(244,'PASTA EN FRIO','KG',0.2700,'PD','1',5.5000,0,1,'2025-07-29 10:50:13',1),(245,'PASTA SOFF','KG',0.2700,'PD','20',6.5000,0,1,'2025-07-29 10:50:13',1),(247,'PERFUME PERSONAL X 250 CC','UNIDAD',0.5400,'PL','1',1.2500,0,1,'2025-07-29 10:50:13',1),(248,'PERFUME PERSONAL X 60 CC','UNIDAD',0.5400,'PL','1',0.7800,0,0,'2025-07-29 10:50:13',1),(249,'PERFUMINA AL AGUA VIVERE','LT',0.5400,'PL','5',0.6392,1,0,'2025-09-01 15:15:44',1),(250,'PERFUMINA AL ALCOHOL CONFOR','LT',0.5400,'PL','5',1.2302,1,0,'2025-09-01 15:15:44',1),(251,'PERFUMINA AL ALCOHOL CONIGLIO','LT',0.5400,'PL','5',1.2299,1,0,'2025-09-01 15:15:44',1),(252,'PERFUMINA AL ALCOHOL VIVERE','LT',0.5400,'PL','5',1.1753,1,0,'2025-09-01 15:15:44',1),(254,'PROPILENGLICOL USP','LT',0.4000,'PD','1',4.5400,0,1,'2025-07-29 10:50:13',1),(255,'QUITACERA','UN',0.3800,'PD','1',0.0000,0,0,'2025-07-29 10:50:13',1),(256,'QUITASARRO','LT',0.5800,'PL','5',0.5996,1,0,'2025-09-01 15:15:44',1),(257,'REFRIGERANTE','LT',0.1500,'PL','5',0.8533,1,0,'2025-09-01 15:15:44',1),(260,'REPELENTE BASE CITRONELA','LT',0.5100,'PD','1',2.6450,1,0,'2025-09-01 15:15:44',1),(261,'REPELENTE DE INSECTOS','LT',0.5500,'PL','10',1.6050,1,0,'2025-09-01 15:15:44',1),(262,'REPELENTE X 250 CC','UNIDAD',0.7300,'PD','1',0.8800,0,1,'2025-07-29 10:50:13',1),(263,'REVIVIDOR GOMAS NEGRO','LT',0.5300,'PL','1',1.1989,1,0,'2025-09-01 15:15:44',1),(264,'REVIVIDOR SILICONADO','LT',0.5300,'PD','1',2.3480,1,1,'2025-07-29 10:50:13',1),(265,'ROLLO COCINA 8X340','BOLSON',0.2200,'PD','1',10.6600,0,1,'2025-07-29 10:50:13',1),(266,'ROLLO COCINA X UN','UNIDAD',0.3700,'PL','1',1.3300,0,0,'2025-07-29 10:50:13',1),(267,'ROLLO HIGIENICO X 4 UN','UNIDAD',0.3700,'PL','1',1.1200,0,1,'2025-07-29 10:50:13',1),(268,'ROPA FINA','LT',0.6500,'PL','5',0.1472,1,0,'2025-09-01 15:15:44',1),(269,'SAL','KG',0.8000,'PD','1',0.1400,0,1,'2025-07-29 10:50:13',1),(271,'SD','KG',0.5100,'PD','1',0.9500,0,1,'2025-07-29 10:50:13',1),(272,'SHAMPOO acaricida','LT',0.8100,'PL','5',0.1485,1,0,'2025-09-01 15:15:44',1),(273,'SHAMPOO AUTOS PREMIUM','LT',0.8000,'PL','10',0.2305,1,0,'2025-09-01 15:15:44',1),(274,'SHAMPOO C/cera','LT',0.8300,'PL','1',0.1925,1,0,'2025-09-01 15:15:44',1),(275,'SHAMPOO CAPILAR','LT',0.8100,'PL','5',0.1847,1,0,'2025-09-01 15:15:44',1),(277,'SOBRE CUCARACHA','SOBRE',0.3800,'PD','1',0.3500,0,1,'2025-08-11 00:03:52',1),(278,'SOLVENTE','LT',0.5100,'PD','1',1.4800,0,1,'2025-07-29 10:50:13',1),(279,'SUAVIZANTE PREMIUM AMARILLO','LT',0.5900,'PL','10',0.1960,1,0,'2025-09-01 15:15:44',1),(280,'SUAVIZANTE TRIPLE PERFUME','LT',0.5800,'PL','10',0.2153,1,0,'2025-09-01 15:15:44',1),(282,'SULFATO DE MAGNESIO','KG',0.5000,'PD','1',0.7000,0,1,'2025-07-29 10:50:13',1),(283,'SULFONICO','KG',0.3800,'PD','20',2.4200,0,1,'2025-08-10 23:55:09',1),(284,'TEA','KG',0.3000,'PD','1',3.1500,0,1,'2025-07-29 10:50:13',1),(285,'UREA','KG',0.3000,'PD','1',1.3500,0,1,'2025-07-29 10:50:13',1),(286,'VASELINA LIQUIDA 35 SEG','LT',0.5000,'PD','1',0.0000,0,1,'2025-07-29 10:50:13',1),(287,'VELAS','UN',0.0000,'PD','1',0.0000,0,0,'2025-07-29 10:50:13',1),(288,'VINAGRE DE LIMPIEZA','LT',0.8400,'PL','1',0.2456,1,1,'2025-09-01 15:15:44',1),(291,'AGUA AM','LT',0.6500,'PL','1',0.0000,1,1,'2025-08-14 00:41:52',1),(292,'ANTIESPUMANTE 30%','LT',0.2600,'PD','200',3.0000,0,1,'2025-08-02 14:30:39',1),(293,'APEX','UNIDAD',0.3800,'PL','1.00',3.6200,0,1,'2025-07-29 10:50:13',1),(295,'BIDON PEAD X 10','KG',0.0000,'PL','1.00',NULL,0,1,'2025-07-29 10:50:13',1),(296,'BIDON PEAD X 20','UNIDAD',NULL,'PL','1',0.1800,0,1,'2025-07-29 10:50:13',1),(297,'BIDON PEAD X 5','UNIDAD',0.0000,'PL','1.00',NULL,0,1,'2025-07-29 10:50:13',1),(298,'BOTELLA PEAD','UNIDAD',0.0000,'PL','1.00',0.9500,0,1,'2025-07-29 10:50:13',1),(299,'TISA DETER 30%','KG',NULL,'PL','1',0.8900,0,1,'2025-08-26 11:34:14',1),(300,'DLP 78','LT',NULL,'PL','20',1.6136,1,1,'2025-09-01 15:15:44',1),(301,'ECTHOL','UNIDAD',0.3800,'PL','1.00',1.9500,0,1,'2025-07-29 10:50:13',1),(302,'EMUSLION 35%','LT',0.5100,'PD','1',4.2500,0,1,'2025-08-02 14:29:49',1),(303,'ESPIRALES','PAQUETE',0.3800,'PL','1.00',1.6600,0,1,'2025-07-29 10:50:13',1),(304,'ET CHINO','KG',0.5800,'PL','170.00',2.4500,0,1,'2025-07-29 10:50:13',1),(305,'ET OXITENO','KG',0.0000,'PL','230.00',2.3500,0,1,'2025-07-29 10:50:13',1),(306,'FLIT','LT',0.5800,'PL','1',1.2700,1,1,'2025-08-15 20:08:15',1),(307,'ISOPROPILICO','LT',0.3500,'PD','1',4.0000,0,1,'2025-08-11 00:06:56',1),(309,'OFF EN CREMA X 60 CC','UNIDAD',0.3800,'PL','1.00',1.6600,0,1,'2025-07-29 10:50:13',1),(310,'PIPETA PARA PERROS','UNIDAD',0.3800,'PL','1.00',1.3900,0,1,'2025-07-29 10:50:13',1),(314,'SAHUMERIOS','PAQUETE',0.3800,'PL','1.00',0.6700,0,1,'2025-07-29 10:50:13',1),(315,'SHAMPOOS PERROS X 250 CC','UNIDAD',0.3800,'PL','1.00',1.6600,0,1,'2025-07-29 10:50:13',1),(316,'UCIP','KG',0.2500,'PL','25',1.2313,1,1,'2025-09-01 15:15:44',1),(317,'XILENSULFONATO DE SODIO 40%','LT',0.5000,'PL','1',17.1100,0,1,'2025-07-29 19:53:06',1),(318,'HIPOCLORITO DE SODIO','LT',0.5000,'PL','1',0.3000,0,1,'2025-09-01 15:15:34',1),(319,'ZELL CERA NATURAL','LT',0.5000,'PL','1',2.0400,0,1,'2025-08-18 14:36:39',1),(320,'ZELL CERA COLOR','LT',0.5000,'PL','1',2.3600,0,1,'2025-08-18 14:36:16',1),(321,'ETOXILADO CHINO','KG',0.2400,'PD','170',2.4500,0,1,'2025-09-01 19:02:15',0),(322,'ESENCIAS','LT',0.3000,'PD','1',4.4128,0,0,'2025-07-29 10:50:13',1),(330,'PAC 23%','KG',0.0100,'PD','1',4.0000,0,1,'2025-07-29 10:50:13',1),(331,'ACIDO ACETICO','LT',0.0100,'PD','1',2.4465,0,1,'2025-08-11 00:09:22',1),(332,'CERA TEFLON CONCENTRADA','LT',0.0100,'PD','1',4.2500,0,1,'2025-07-29 10:50:13',1),(401,'POLIACRIATO DE SODIO','KG',0.5000,'PD','1',2.9600,0,1,'2025-07-29 10:50:13',1),(403,'GENAPOL PF-20','LT',0.5000,'PD','1',14.5200,0,1,'2025-07-29 10:50:13',1),(404,'ALQUILPOLIGLUCOSIDO','LT',0.5000,'PD','1',10.9200,0,1,'2025-07-29 10:50:13',1),(405,'soda de perlas','KG',0.5000,'PD','1',2.5000,0,1,'2025-07-29 10:50:13',1),(406,'TRIPOLIFOSFATO DE SODIO','KG',0.5000,'PD','1',7.2000,0,1,'2025-07-29 10:50:13',1),(407,'bolsa','UNIDAD',0.5000,'PD','1',0.1000,0,0,'2025-07-29 10:50:13',1),(409,'ACIDO NITRICO 65%','LT',0.5000,'PD','1',1.7000,0,1,'2025-07-29 10:50:13',1),(416,'DESENGRASANTE CONCENTRADO','LT',0.5000,'PD','1',0.6800,0,0,'2025-07-29 20:02:42',0),(1000,'DETERGENTE NEOLIN 28%','KG',0.3000,'PD','20',1.0500,0,1,'2025-07-29 10:50:13',1),(1002,'COMBO 12','UNIDAD',0.3000,'PL','1',57.9223,1,0,'2025-09-01 15:15:44',0),(1003,'ACEITE 108','LT',0.3100,'PD','1',21.3500,0,1,'2025-08-10 23:53:19',1),(1004,'ARIEL CON BICARBONATO','LT',0.5000,'PL','10',0.2653,1,0,'2025-09-01 15:15:44',1);
/*!40000 ALTER TABLE `productos` ENABLE KEYS */;
UNLOCK TABLES;

--
-- Table structure for table `proveedores`
--

DROP TABLE IF EXISTS `proveedores`;
/*!40101 SET @saved_cs_client     = @@character_set_client */;
/*!50503 SET character_set_client = utf8mb4 */;
CREATE TABLE `proveedores` (
  `id` int NOT NULL AUTO_INCREMENT,
  `nombre` varchar(200) COLLATE utf8mb4_unicode_ci NOT NULL,
  `cuit` varchar(20) COLLATE utf8mb4_unicode_ci DEFAULT NULL,
  `direccion` varchar(255) COLLATE utf8mb4_unicode_ci DEFAULT NULL,
  `telefono` varchar(50) COLLATE utf8mb4_unicode_ci DEFAULT NULL,
  `email` varchar(100) COLLATE utf8mb4_unicode_ci DEFAULT NULL,
  `contacto` varchar(100) COLLATE utf8mb4_unicode_ci DEFAULT NULL,
  `condiciones_pago` varchar(255) COLLATE utf8mb4_unicode_ci DEFAULT NULL,
  `activo` tinyint(1) NOT NULL DEFAULT '1',
  PRIMARY KEY (`id`),
  UNIQUE KEY `nombre` (`nombre`),
  UNIQUE KEY `cuit` (`cuit`)
) ENGINE=InnoDB AUTO_INCREMENT=11 DEFAULT CHARSET=utf8mb4 COLLATE=utf8mb4_unicode_ci;
/*!40101 SET character_set_client = @saved_cs_client */;

--
-- Dumping data for table `proveedores`
--

LOCK TABLES `proveedores` WRITE;
/*!40000 ALTER TABLE `proveedores` DISABLE KEYS */;
INSERT INTO `proveedores` VALUES (1,'Proveedor Ejemplo S.A.','30-12345678-9','Av. Siempre Viva 742, Buenos Aires','+54 11 4321-5678','contacto@proveedorejemplo.com','Juan Pérez','30 días factura A',1),(2,'proveedor1','122323','aaa 1212','12121212','proveedor1@gmail.com','121212','nada',1),(3,'pedritoo','1111111111','22222222222222','33333333333333','asd@eeeee','44444444444','555555',1),(4,'pablito','12','asd','asdasd','qweqwe@gmail.com','qsqwe','a',1),(5,'proveedor inventado','12345677','calle imaginaria 123','123456','provedorsito@gmail.com','123456','pagale ',1),(6,'rvgfv','adf','efe','ef','fe@fef','efe','fe',1),(7,'proveedorr prueba','121212','1212','12','asd@qweqwe','232','23',1),(8,'proveedor 10','202020','lugar123','123456','provee@hotmail.com','9876543','pagale',0),(9,'provedor 11','222','asdasd1212','1258','aasd@gmail.com','nada','asdasd',1),(10,'aaaaa55','55','23','3','i@hotmail.com','5','55',1);
/*!40000 ALTER TABLE `proveedores` ENABLE KEYS */;
UNLOCK TABLES;

--
-- Table structure for table `receta_items`
--

DROP TABLE IF EXISTS `receta_items`;
/*!40101 SET @saved_cs_client     = @@character_set_client */;
/*!50503 SET character_set_client = utf8mb4 */;
CREATE TABLE `receta_items` (
  `id` int NOT NULL AUTO_INCREMENT,
  `receta_id` int NOT NULL,
  `ingrediente_id` int NOT NULL,
  `porcentaje` decimal(10,4) NOT NULL,
  PRIMARY KEY (`id`),
  KEY `receta_id` (`receta_id`),
  KEY `ingrediente_id` (`ingrediente_id`),
  CONSTRAINT `receta_items_ibfk_1` FOREIGN KEY (`receta_id`) REFERENCES `recetas` (`id`) ON DELETE CASCADE,
  CONSTRAINT `receta_items_ibfk_2` FOREIGN KEY (`ingrediente_id`) REFERENCES `productos` (`id`) ON DELETE RESTRICT
) ENGINE=InnoDB AUTO_INCREMENT=1873 DEFAULT CHARSET=utf8mb4 COLLATE=utf8mb4_unicode_ci;
/*!40101 SET character_set_client = @saved_cs_client */;

--
-- Dumping data for table `receta_items`
--

LOCK TABLES `receta_items` WRITE;
/*!40000 ALTER TABLE `receta_items` DISABLE KEYS */;
INSERT INTO `receta_items` VALUES (193,92,1,33.9000),(194,92,42,65.0000),(195,92,79,0.1000),(196,92,284,1.0000),(220,100,319,90.0000),(221,100,1,10.0000),(222,101,320,33.0000),(223,101,1,67.0000),(224,102,319,33.0000),(225,102,1,67.0000),(226,103,319,90.0000),(227,103,1,10.0000),(253,112,1,98.0000),(254,112,165,2.0000),(255,113,1,98.0000),(256,113,149,2.0000),(260,115,141,33.0000),(261,115,1,67.0000),(268,118,185,6.5000),(269,118,205,0.0600),(270,118,269,3.2200),(271,118,19,0.3000),(272,118,1,89.7500),(273,118,99,0.1700),(274,119,185,6.5000),(275,119,205,0.0600),(276,119,269,3.2200),(277,119,19,0.3000),(278,119,1,89.7500),(279,119,99,0.1700),(280,120,185,6.5000),(281,120,205,0.0600),(282,120,269,3.2200),(283,120,19,0.3000),(284,120,1,89.7500),(285,120,99,0.1700),(286,121,185,6.5000),(287,121,205,0.0600),(288,121,269,3.2200),(289,121,19,0.3000),(290,121,1,89.7500),(291,121,99,0.1700),(311,128,278,94.9000),(312,128,264,5.0000),(313,128,99,0.1000),(321,131,278,80.0000),(322,131,32,20.0000),(653,189,189,40.0000),(654,189,78,2.0000),(655,189,42,2.0000),(656,189,24,2.0000),(657,189,1,44.0000),(672,194,116,100.0000),(673,194,116,100.0000),(682,197,4,31.0000),(683,197,205,0.0500),(684,197,25,0.0500),(685,197,1,1.2647),(686,197,99,0.2000),(687,197,1,67.4353),(770,211,194,1.0000),(771,211,1,99.0000),(772,212,185,6.5000),(773,212,205,0.0612),(774,212,269,3.2247),(775,212,1,89.9141),(776,212,19,0.3000),(777,212,99,0.1700),(837,227,42,50.0000),(838,227,234,3.0000),(839,227,19,3.0000),(840,227,1,44.0000),(841,228,42,50.0000),(842,228,234,3.0000),(843,228,35,3.0000),(844,228,1,44.0000),(845,229,1,88.0000),(846,229,182,12.0000),(847,229,65,100.0000),(862,234,185,6.5000),(863,234,205,0.0612),(864,234,269,3.2247),(865,234,1,90.2141),(866,235,185,6.5000),(867,235,205,0.0612),(868,235,269,3.2247),(869,235,1,90.2100),(870,235,194,0.0050),(871,236,185,6.5000),(872,236,205,0.0612),(873,236,269,3.2247),(874,236,1,90.2100),(875,236,22,0.2000),(940,96,4,36.0000),(941,96,292,0.5600),(942,96,11,0.1100),(943,96,99,0.2000),(944,96,205,0.0500),(945,96,1,52.8600),(948,244,234,20.0000),(949,244,42,10.0000),(950,244,78,4.0000),(951,244,99,10.0000),(952,244,24,15.0000),(953,244,189,0.1000),(954,244,1,40.9000),(962,246,54,1.0000),(963,246,54,1.0000),(1109,273,1,0.7560),(1110,273,185,0.1440),(1111,273,282,0.1000),(1114,94,78,15.0000),(1115,94,1,85.0000),(1144,221,283,15.0000),(1145,221,234,15.0000),(1146,221,75,5.0000),(1147,221,1,65.0000),(1169,267,234,5.0000),(1170,267,283,5.0000),(1171,267,112,25.0000),(1172,267,1,58.0000),(1181,248,185,7.0000),(1182,248,61,3.0000),(1183,248,269,3.0000),(1184,248,99,0.1000),(1185,248,63,1.0000),(1186,248,65,1.0000),(1187,248,68,1.0000),(1188,249,185,7.0000),(1189,249,61,3.0000),(1190,249,269,3.0000),(1191,249,33,0.1000),(1192,249,63,1.0000),(1193,249,65,1.0000),(1194,249,99,0.1000),(1195,249,68,2.0000),(1198,99,319,33.0000),(1199,99,1,67.0000),(1200,275,320,90.0000),(1201,275,1,10.0000),(1202,144,319,79.9000),(1203,144,161,0.1000),(1204,144,1,20.0000),(1205,268,185,6.5000),(1206,268,205,0.0600),(1207,268,269,3.2200),(1208,268,1,89.2100),(1209,268,302,1.0000),(1210,268,99,0.1700),(1217,256,41,1.0000),(1218,256,236,1.0000),(1219,256,1,98.0000),(1220,276,185,36.0000),(1221,276,1,64.0000),(1222,196,185,14.3000),(1223,196,271,0.1300),(1224,196,205,0.1320),(1225,196,269,7.0000),(1226,196,99,0.1700),(1227,196,1,72.2700),(1237,277,299,25.0000),(1238,277,189,0.3300),(1239,277,99,0.1700),(1240,277,1,49.8300),(1323,285,405,85.0000),(1324,285,406,10.0000),(1325,285,143,5.0000),(1326,285,407,100.0000),(1332,286,1,74.9000),(1333,286,38,20.0000),(1334,286,409,5.0000),(1335,286,403,0.1000),(1341,289,1,45.0000),(1342,289,143,5.0000),(1343,289,271,48.0000),(1344,289,404,2.0000),(1352,243,320,90.0000),(1353,243,1,10.0000),(1363,95,4,30.0000),(1364,95,292,0.3000),(1365,95,11,0.1100),(1366,95,205,0.0500),(1367,95,1,69.5000),(1487,271,245,1.8000),(1488,271,23,0.4200),(1489,271,1,99.9000),(1490,260,4,31.0000),(1491,260,205,0.0500),(1492,260,30,0.1000),(1493,260,99,0.2000),(1494,260,1,68.6500),(1501,270,245,2.0000),(1502,270,35,0.3300),(1503,270,269,0.2300),(1504,270,99,0.0160),(1505,270,1,97.8200),(1510,129,35,3.0000),(1511,129,234,0.2000),(1512,129,42,2.0000),(1513,129,1,94.3000),(1514,129,206,0.5000),(1515,258,185,7.1500),(1516,258,205,0.1300),(1517,258,80,7.5000),(1518,258,269,1.0400),(1519,258,61,2.0000),(1520,258,1,82.1800),(1527,114,271,41.0000),(1528,114,318,31.0000),(1529,114,1,28.0000),(1530,126,1,90.0000),(1531,126,75,2.0000),(1532,126,42,7.0000),(1533,126,99,0.1000),(1534,126,189,0.1000),(1535,126,185,0.2800),(1536,116,1,95.5000),(1537,116,91,2.5000),(1538,116,77,1.2500),(1539,116,22,0.2000),(1544,124,318,50.0000),(1545,124,236,1.0000),(1546,124,1,49.0000),(1547,130,190,50.0000),(1548,130,1,49.8000),(1549,130,99,0.2000),(1550,125,184,40.0000),(1551,125,125,20.0000),(1552,125,1,40.0000),(1553,122,283,15.0000),(1554,122,75,5.0000),(1555,122,278,80.0000),(1562,220,185,6.0000),(1563,220,93,0.8000),(1564,220,1,4.0000),(1565,278,401,0.3000),(1566,278,1,39.0000),(1567,278,271,55.0000),(1568,278,318,5.5000),(1605,300,94,20.0000),(1606,301,96,5.0000),(1607,287,409,100.0000),(1609,245,1,50.0000),(1610,245,271,1.8700),(1611,245,283,5.6600),(1612,245,61,6.6600),(1613,245,282,11.1100),(1614,245,185,22.6600),(1615,245,205,0.1600),(1620,93,1,26.0000),(1621,93,42,74.0000),(1622,191,234,2.0000),(1623,191,42,1.0000),(1624,191,78,0.5000),(1625,191,99,1.0000),(1626,191,35,1.5000),(1627,191,189,0.0500),(1628,191,1,93.9500),(1629,191,68,100.0000),(1630,299,185,35.7000),(1631,299,269,0.5000),(1632,299,205,0.5000),(1633,299,1,63.3000),(1634,98,320,33.0000),(1635,98,1,67.0000),(1638,107,4,34.0000),(1639,107,205,0.0500),(1640,107,1,66.8000),(1641,107,231,0.5500),(1642,107,99,0.2000),(1643,107,22,0.1000),(1644,117,330,15.0000),(1645,117,1,85.0000),(1646,252,125,30.0000),(1647,252,1,70.0000),(1650,104,332,50.0000),(1651,104,1,50.0000),(1662,305,77,50.0000),(1663,305,1,50.0000),(1671,307,91,2.0000),(1672,307,77,1.0000),(1674,307,1,96.8330),(1676,309,299,100.0000),(1677,310,299,100.0000),(1692,111,299,11.7600),(1693,111,75,11.7600),(1694,111,30,0.3000),(1695,111,99,0.9100),(1696,111,1,70.0000),(1697,111,234,0.6000),(1698,111,42,0.6000),(1699,251,299,11.7600),(1700,251,75,11.7600),(1701,251,36,0.5000),(1702,251,234,0.5000),(1703,251,99,0.9091),(1704,251,1,70.9100),(1705,312,1,70.0000),(1706,312,75,11.7600),(1707,312,234,0.5000),(1708,312,299,11.7600),(1709,312,42,11.7600),(1710,312,99,0.5000),(1711,313,1,72.0000),(1712,313,75,10.0000),(1713,313,283,3.0000),(1714,313,143,4.0000),(1715,313,317,5.0000),(1716,313,271,6.0000),(1717,314,91,2.0000),(1718,314,77,1.0000),(1719,314,1,97.0000),(1724,315,1,51.7000),(1725,315,271,38.0000),(1726,315,404,0.3000),(1727,315,143,10.0000),(1728,315,296,100.0000),(1794,284,1,39.5000),(1795,284,318,20.0000),(1796,284,271,30.0000),(1797,284,236,10.0000),(1798,284,404,0.5000),(1799,316,4,4500.0000),(1800,316,111,2000.0000),(1801,316,92,3000.0000),(1802,316,133,2000.0000),(1803,316,73,500.0000),(1804,316,306,100.0000),(1806,109,416,30.0000),(1807,109,1,70.0000),(1808,110,416,30.0000),(1809,110,1,70.0000),(1810,97,185,5.4000),(1811,97,205,0.1000),(1812,97,61,2.5000),(1813,97,1,89.0000),(1814,97,269,3.0000),(1815,318,331,10.0000),(1816,318,1,90.0000),(1817,308,299,100.0000),(1820,123,318,50.0000),(1821,123,1,50.0000),(1822,108,31,0.3000),(1823,108,99,0.1700),(1824,108,1,81.0800),(1825,108,299,38.5000),(1826,230,17,10.0000),(1827,230,42,89.5000),(1828,230,234,0.5000),(1829,231,116,7.5000),(1830,231,42,70.0000),(1831,231,1,17.3500),(1832,231,24,0.1000),(1833,231,17,0.0500),(1834,231,190,2.5000),(1835,127,278,95.0000),(1836,127,264,5.0000),(1837,319,31,100.0000),(1840,105,318,85.0000),(1841,105,1,15.0000),(1842,226,42,50.0000),(1843,226,234,3.0000),(1844,226,1,44.0000),(1845,226,1003,3.0000),(1846,320,114,100.0000),(1847,106,245,2.0000),(1848,106,99,0.0200),(1849,106,1,97.4800),(1850,106,269,0.2300),(1851,106,1003,0.3400),(1868,321,4,24.0000),(1869,321,11,0.1100),(1870,321,292,0.3300),(1871,321,99,0.1100),(1872,321,62,1.3300);
/*!40000 ALTER TABLE `receta_items` ENABLE KEYS */;
UNLOCK TABLES;

--
-- Table structure for table `recetas`
--

DROP TABLE IF EXISTS `recetas`;
/*!40101 SET @saved_cs_client     = @@character_set_client */;
/*!50503 SET character_set_client = utf8mb4 */;
CREATE TABLE `recetas` (
  `id` int NOT NULL AUTO_INCREMENT,
  `producto_final_id` int NOT NULL,
  `fecha_creacion` datetime DEFAULT NULL,
  `fecha_modificacion` datetime DEFAULT NULL,
  PRIMARY KEY (`id`),
  UNIQUE KEY `producto_final_id` (`producto_final_id`),
  CONSTRAINT `recetas_ibfk_1` FOREIGN KEY (`producto_final_id`) REFERENCES `productos` (`id`) ON DELETE CASCADE
) ENGINE=InnoDB AUTO_INCREMENT=323 DEFAULT CHARSET=utf8mb4 COLLATE=utf8mb4_unicode_ci;
/*!40101 SET character_set_client = @saved_cs_client */;

--
-- Dumping data for table `recetas`
--

LOCK TABLES `recetas` WRITE;
/*!40000 ALTER TABLE `recetas` DISABLE KEYS */;
INSERT INTO `recetas` VALUES (92,43,'2025-07-14 12:44:59','2025-07-14 12:44:59'),(93,44,'2025-07-14 12:44:59','2025-07-27 12:48:26'),(94,45,'2025-07-14 12:44:59','2025-07-20 23:18:29'),(95,50,'2025-07-14 12:44:59','2025-07-22 13:45:14'),(96,51,'2025-07-14 12:44:59','2025-07-18 16:26:34'),(97,60,'2025-07-14 12:44:59','2025-07-29 20:05:31'),(98,83,'2025-07-14 12:44:59','2025-07-27 14:13:57'),(99,84,'2025-07-14 12:44:59','2025-07-21 18:10:37'),(100,85,'2025-07-14 12:44:59','2025-07-14 12:44:59'),(101,87,'2025-07-14 12:44:59','2025-07-14 12:44:59'),(102,88,'2025-07-14 12:44:59','2025-07-14 12:44:59'),(103,89,'2025-07-14 12:44:59','2025-07-14 12:44:59'),(104,90,'2025-07-14 12:44:59','2025-07-28 17:37:02'),(105,92,'2025-07-14 12:44:59','2025-08-11 00:13:09'),(106,111,'2025-07-14 12:44:59','2025-08-18 13:58:37'),(107,113,'2025-07-14 12:44:59','2025-07-27 22:02:51'),(108,118,'2025-07-14 12:44:59','2025-08-02 12:53:49'),(109,119,'2025-07-14 12:44:59','2025-07-29 20:03:06'),(110,120,'2025-07-14 12:44:59','2025-07-29 20:03:59'),(111,121,'2025-07-14 12:44:59','2025-07-29 11:34:11'),(112,128,'2025-07-14 12:44:59','2025-07-14 12:44:59'),(113,129,'2025-07-14 12:44:59','2025-07-14 12:44:59'),(114,130,'2025-07-14 12:44:59','2025-07-23 00:27:39'),(115,142,'2025-07-14 12:44:59','2025-07-14 12:44:59'),(116,147,'2025-07-14 12:44:59','2025-07-23 00:32:28'),(117,187,'2025-07-14 12:44:59','2025-07-28 01:41:26'),(118,198,'2025-07-14 12:44:59','2025-07-14 12:44:59'),(119,199,'2025-07-14 12:44:59','2025-07-14 12:44:59'),(120,200,'2025-07-14 12:44:59','2025-07-14 12:44:59'),(121,201,'2025-07-14 12:44:59','2025-07-14 12:44:59'),(122,209,'2025-07-14 12:44:59','2025-07-23 00:37:06'),(123,210,'2025-07-14 12:44:59','2025-08-02 12:21:44'),(124,212,'2025-07-14 12:44:59','2025-07-23 00:34:11'),(125,222,'2025-07-14 12:44:59','2025-07-23 00:35:43'),(126,223,'2025-07-14 12:44:59','2025-07-23 00:31:16'),(127,225,'2025-07-14 12:44:59','2025-08-02 13:22:50'),(128,229,'2025-07-14 12:44:59','2025-07-14 12:44:59'),(129,249,'2025-07-14 12:44:59','2025-07-23 00:20:30'),(130,263,'2025-07-14 12:44:59','2025-07-23 00:35:11'),(131,264,'2025-07-14 12:44:59','2025-07-14 12:44:59'),(144,141,'2025-07-14 22:50:51','2025-07-21 18:14:09'),(189,57,'2025-07-18 11:30:19','2025-07-18 11:30:19'),(191,73,'2025-07-18 11:30:19','2025-07-27 12:50:45'),(194,116,'2025-07-18 11:30:19','2025-07-18 11:30:19'),(196,131,'2025-07-18 11:30:19','2025-07-21 18:22:24'),(197,133,'2025-07-18 11:30:19','2025-07-18 11:30:19'),(211,195,'2025-07-18 11:30:19','2025-07-18 11:30:19'),(212,197,'2025-07-18 11:30:19','2025-07-18 11:30:19'),(220,211,'2025-07-18 11:30:19','2025-07-23 00:41:30'),(221,215,'2025-07-18 11:30:19','2025-07-21 17:53:20'),(226,250,'2025-07-18 11:30:19','2025-08-15 19:58:40'),(227,251,'2025-07-18 11:30:19','2025-07-18 11:30:19'),(228,252,'2025-07-18 11:30:19','2025-07-18 11:30:19'),(229,257,'2025-07-18 11:30:19','2025-07-18 11:30:19'),(230,260,'2025-07-18 11:30:19','2025-08-02 13:18:29'),(231,261,'2025-07-18 11:30:19','2025-08-02 13:18:48'),(234,268,'2025-07-18 11:30:19','2025-07-18 11:30:19'),(235,272,'2025-07-18 11:30:19','2025-07-18 11:30:19'),(236,275,'2025-07-18 11:30:19','2025-07-18 11:30:19'),(243,82,'2025-07-18 16:36:43','2025-07-21 19:27:41'),(244,322,'2025-07-19 00:16:44','2025-07-19 00:16:44'),(245,4,'2025-07-19 14:48:52','2025-07-26 22:47:34'),(246,54,'2025-07-19 14:48:52','2025-07-19 14:48:52'),(248,106,'2025-07-19 14:48:52','2025-07-21 18:08:32'),(249,107,'2025-07-19 14:48:52','2025-07-21 18:08:37'),(251,123,'2025-07-19 14:48:52','2025-07-29 11:34:51'),(252,127,'2025-07-19 14:48:52','2025-07-28 01:42:12'),(256,213,'2025-07-19 14:48:52','2025-07-21 18:20:17'),(258,220,'2025-07-19 14:48:52','2025-07-23 00:22:24'),(260,228,'2025-07-19 14:48:52','2025-07-23 00:16:13'),(267,256,'2025-07-19 14:48:52','2025-07-21 18:06:37'),(268,274,'2025-07-19 14:48:52','2025-07-21 18:15:16'),(270,279,'2025-07-19 14:48:52','2025-07-23 00:18:57'),(271,280,'2025-07-19 14:48:52','2025-07-23 00:13:46'),(273,299,'2025-07-19 14:48:53','2025-07-19 14:48:53'),(275,86,'2025-07-21 18:12:44','2025-07-21 18:12:44'),(276,181,'2025-07-21 18:21:04','2025-07-21 18:21:04'),(277,273,'2025-07-21 18:26:12','2025-07-21 18:26:12'),(278,219,'2025-07-21 18:35:25','2025-07-23 00:43:42'),(284,8,'2025-07-21 18:54:24','2025-07-29 16:08:57'),(285,74,'2025-07-21 19:02:34','2025-07-21 19:02:34'),(286,140,'2025-07-21 19:11:16','2025-07-21 19:11:16'),(287,230,'2025-07-21 19:12:04','2025-07-23 01:08:41'),(289,235,'2025-07-21 19:14:15','2025-07-21 19:14:15'),(299,184,'2025-07-23 00:52:03','2025-07-27 12:56:03'),(300,95,'2025-07-23 00:55:23','2025-07-23 00:55:23'),(301,97,'2025-07-23 00:55:59','2025-07-23 00:55:59'),(305,76,'2025-07-29 11:15:49','2025-07-29 11:15:49'),(307,109,'2025-07-29 11:19:49','2025-07-29 11:21:01'),(308,110,'2025-07-29 11:23:57','2025-08-02 11:38:38'),(309,135,'2025-07-29 11:28:22','2025-07-29 11:28:22'),(310,132,'2025-07-29 11:28:39','2025-07-29 11:28:39'),(312,125,'2025-07-29 11:36:28','2025-07-29 11:36:28'),(313,300,'2025-07-29 11:38:01','2025-07-29 11:38:01'),(314,146,'2025-07-29 11:38:59','2025-07-29 11:38:59'),(315,316,'2025-07-29 11:40:43','2025-07-29 11:41:01'),(316,1002,'2025-07-29 19:44:10','2025-07-29 19:44:10'),(317,291,'2025-07-29 19:44:29','2025-07-29 19:44:29'),(318,288,'2025-07-29 20:08:31','2025-07-29 20:08:31'),(319,26,'2025-08-11 00:03:05','2025-08-11 00:03:05'),(320,306,'2025-08-15 20:08:15','2025-08-15 20:08:15'),(321,1004,'2025-08-18 14:39:44','2025-08-25 15:57:17');
/*!40000 ALTER TABLE `recetas` ENABLE KEYS */;
UNLOCK TABLES;

--
-- Table structure for table `tipos_cambio`
--

DROP TABLE IF EXISTS `tipos_cambio`;
/*!40101 SET @saved_cs_client     = @@character_set_client */;
/*!50503 SET character_set_client = utf8mb4 */;
CREATE TABLE `tipos_cambio` (
  `id` int NOT NULL AUTO_INCREMENT,
  `nombre` varchar(50) COLLATE utf8mb4_unicode_ci NOT NULL,
  `valor` decimal(15,4) NOT NULL,
  `fecha_actualizacion` datetime DEFAULT NULL,
  PRIMARY KEY (`id`),
  UNIQUE KEY `ix_tipos_cambio_nombre` (`nombre`),
  CONSTRAINT `ck_tipocambio_valor_positivo` CHECK ((`valor` > 0))
) ENGINE=InnoDB AUTO_INCREMENT=3 DEFAULT CHARSET=utf8mb4 COLLATE=utf8mb4_unicode_ci;
/*!40101 SET character_set_client = @saved_cs_client */;

--
-- Dumping data for table `tipos_cambio`
--

LOCK TABLES `tipos_cambio` WRITE;
/*!40000 ALTER TABLE `tipos_cambio` DISABLE KEYS */;
INSERT INTO `tipos_cambio` VALUES (1,'Oficial',1390.0000,'2025-09-03 00:47:58'),(2,'Empresa',1290.0000,'2025-09-03 02:41:09');
/*!40000 ALTER TABLE `tipos_cambio` ENABLE KEYS */;
UNLOCK TABLES;

--
-- Table structure for table `usuarios_internos`
--

DROP TABLE IF EXISTS `usuarios_internos`;
/*!40101 SET @saved_cs_client     = @@character_set_client */;
/*!50503 SET character_set_client = utf8mb4 */;
CREATE TABLE `usuarios_internos` (
  `id` int NOT NULL AUTO_INCREMENT,
  `nombre` varchar(100) COLLATE utf8mb4_unicode_ci NOT NULL,
  `apellido` varchar(100) COLLATE utf8mb4_unicode_ci NOT NULL,
  `nombre_usuario` varchar(50) COLLATE utf8mb4_unicode_ci NOT NULL,
  `contrasena` varchar(200) COLLATE utf8mb4_unicode_ci NOT NULL,
  `email` varchar(100) COLLATE utf8mb4_unicode_ci NOT NULL,
  `rol` varchar(50) COLLATE utf8mb4_unicode_ci NOT NULL,
  PRIMARY KEY (`id`),
  UNIQUE KEY `nombre_usuario` (`nombre_usuario`),
  UNIQUE KEY `email` (`email`)
) ENGINE=InnoDB AUTO_INCREMENT=16 DEFAULT CHARSET=utf8mb4 COLLATE=utf8mb4_unicode_ci;
/*!40101 SET character_set_client = @saved_cs_client */;

--
-- Dumping data for table `usuarios_internos`
--

LOCK TABLES `usuarios_internos` WRITE;
/*!40000 ALTER TABLE `usuarios_internos` DISABLE KEYS */;
INSERT INTO `usuarios_internos` VALUES (1,'Carlos','Ramírez','carlos.ramirez','hashedpassword123','carlos.ramirez@quimex.com','ADMIN'),(3,'juan','lopez','usuario1','scrypt:32768:8:1$zPbTBDdUTwaKUYco$b743460d0710ade6ff254aebb0114e87aa9285cd84f3cecfe5325ff321cc7d8a10d8f21d803c7ce665205bb03c49fd1490f88d17bf473543ecd4f77162afacd8','mail@hotmail.com','ADMIN'),(5,'asd',' PALACIOS','usuario3','scrypt:32768:8:1$Gi0L7bFrVOqiw4cY$46fa43ec779282846afc8012c5a299800d75f93f483d29f59f5a41aabd4f95935846d17e390cafc8d5f4eeb5591ef78fd486d91597132e5991607dcd4cc20f78','asdasd@hotmail.com','ALMACEN'),(6,'pedrito','alfonso','usuario4','scrypt:32768:8:1$Yb06DIzrn3S0qsJW$cc03661c08a262e8ffddeb48e19370a3d6f9085344152baf194cbaae78f9d01bb14fd91350f7d1cca00e370442da30504f8ec81c1519fc7e4857432a91ee5a35','asdassd@hotmail.com','VENTAS_LOCAL'),(7,'gusta','apapap','usuario5','scrypt:32768:8:1$j5aYdzE9y2WKL6bd$bf0e06975a47ec33fecac432b1b695c36cb52e998fd25f2a4a38e1ca40fe7c48d180ee4f56982a286931019c285a55a76bb39a448ea9d33675e641e52dc0df6d','apapap@hotmail.com','VENTAS_PEDIDOS'),(8,'asdasd','ddd','usuario6','scrypt:32768:8:1$XWNSrwGwjuzBGX3n$12a7a0734cfbffcbde5581925a8c6d93e74ac123afa2c15187748a4f999f8a2d0b3d6658bf5be576fcd0b650c6ce56202270181f7e568503f44bb4ea2eff421f','sdadr@hotmail.com','CONTABLE'),(10,'puerta1','puerta1','venta puerta1','scrypt:32768:8:1$KcKngEAvIvAWuQd0$9814baf852547d55b69f55f059291e3fa49f535c45906cceb5cafeeb7bc913d0ccf17e3f892f1be342e0ad5edd468c146ef3e342fa128e2d7c3272d16f23e826','puerta11@gmail.com','VENTAS_LOCAL'),(11,'pedidos2','pedidos2','venta pedidos2','scrypt:32768:8:1$fWM0fWxQ5AdRY55v$34907558c6c1f727197f9ce57df6c7d496b1741b040e7e5ffca3a7672de37aa35d395f8782b6094b34c6abdd0af66c4bb98a8fb09f519c9263bedceeeeb2acd8','pedidos2@gmail.com','VENTAS_PEDIDOS'),(12,'compras1','compras1','compras','scrypt:32768:8:1$wcjHsWllML4uLEgm$dfd6d80fb35c711ce1d51a88e1f3cc1deaf8577a52e3be038fdebf1f6c38fe920003fa0fe1469829bd9c580b9f3507b00c29ae75876f9439130585c033cb93c0','compras1@gmail.com','ALMACEN'),(13,'Vendor','Puerta','Puerta1','scrypt:32768:8:1$4CYBkKlL1aSh1iwP$505817d8e3248cb2525dd60fc8b45897ce161b5f65905c06932dd3f47568deff68d81ac838374f805dd2da4b4eeaa62e0ee6a1d3b100ed0e5149ac200383b313','vendedorpuerta@quimex.com','VENTAS_LOCAL'),(14,'Vendor','Pedidos','Pedidos2','scrypt:32768:8:1$GdbLxknsnTGBUtBE$b00fcdc45bbe32038305ab4309ad2ffa1b4f717c79831268955b5522ceab43af02ac7339b22d49def3ad04742dfc8791ace78873de5921db0c541c17f8a36e19','pedidos2@quimex.com','VENTAS_PEDIDOS'),(15,'llll','lll','usuario99','scrypt:32768:8:1$hb8JOo40aygzpGXw$b40aa02a795d150210dced8ef86a431fd652a278c41f4f1b966f33f776dd55075383fd2a4a4d4fe1e68edf96329fceaea58c5dd55ca13b235e7706883e47a93a','lll@gmail.com','ALMACEN');
/*!40000 ALTER TABLE `usuarios_internos` ENABLE KEYS */;
UNLOCK TABLES;

--
-- Table structure for table `ventas`
--

DROP TABLE IF EXISTS `ventas`;
/*!40101 SET @saved_cs_client     = @@character_set_client */;
/*!50503 SET character_set_client = utf8mb4 */;
CREATE TABLE `ventas` (
  `id` int NOT NULL AUTO_INCREMENT,
  `usuario_interno_id` int NOT NULL,
  `cliente_id` int DEFAULT NULL,
  `fecha_registro` datetime DEFAULT NULL,
  `fecha_pedido` datetime DEFAULT NULL,
  `direccion_entrega` varchar(255) COLLATE utf8mb4_unicode_ci DEFAULT NULL,
  `cuit_cliente` varchar(20) COLLATE utf8mb4_unicode_ci DEFAULT NULL,
  `observaciones` text COLLATE utf8mb4_unicode_ci,
  `monto_total` decimal(15,2) DEFAULT NULL,
  `forma_pago` varchar(50) COLLATE utf8mb4_unicode_ci DEFAULT NULL,
  `requiere_factura` tinyint(1) DEFAULT NULL,
  `recargo_transferencia` decimal(10,2) DEFAULT NULL,
  `recargo_factura` decimal(10,2) DEFAULT NULL,
  `monto_final_con_recargos` decimal(15,2) DEFAULT NULL,
  `monto_pagado_cliente` decimal(15,2) DEFAULT NULL,
  `vuelto_calculado` decimal(15,2) DEFAULT NULL,
  `nombre_vendedor` varchar(50) COLLATE utf8mb4_unicode_ci NOT NULL,
  `descuento_general` decimal(5,2) DEFAULT NULL,
  `monto_final_redondeado` decimal(15,2) DEFAULT NULL,
  PRIMARY KEY (`id`),
  KEY `usuario_interno_id` (`usuario_interno_id`),
  KEY `fk_ventas_cliente_id` (`cliente_id`),
  CONSTRAINT `fk_cliente` FOREIGN KEY (`cliente_id`) REFERENCES `clientes` (`id`),
  CONSTRAINT `ventas_ibfk_1` FOREIGN KEY (`usuario_interno_id`) REFERENCES `usuarios_internos` (`id`)
) ENGINE=InnoDB AUTO_INCREMENT=1900 DEFAULT CHARSET=utf8mb4 COLLATE=utf8mb4_unicode_ci;
/*!40101 SET character_set_client = @saved_cs_client */;

--
-- Dumping data for table `ventas`
--

LOCK TABLES `ventas` WRITE;
/*!40000 ALTER TABLE `ventas` DISABLE KEYS */;
INSERT INTO `ventas` VALUES (1544,13,NULL,'2025-08-28 11:20:34','2025-08-28 08:19:00','',NULL,'',22710.00,'efectivo',0,0.00,0.00,22710.00,23000.00,290.00,'ardiles',NULL,22710.00),(1545,13,NULL,'2025-08-28 11:38:07','2025-08-28 08:37:00','',NULL,'',2330.00,'efectivo',0,0.00,0.00,2330.00,3000.00,670.00,'elias',NULL,2330.00),(1546,13,NULL,'2025-08-28 11:45:39','2025-08-28 08:45:00','',NULL,'',9150.00,'efectivo',0,0.00,0.00,9150.00,10200.00,1050.00,'ardiles',NULL,9150.00),(1547,13,NULL,'2025-08-28 11:48:26','2025-08-28 08:48:00','',NULL,'',1600.00,'efectivo',0,0.00,0.00,1600.00,1600.00,0.00,'ardiles',NULL,1600.00),(1548,13,NULL,'2025-08-28 12:12:08','2025-08-28 09:08:00','',NULL,'',44320.00,'efectivo',0,0.00,0.00,44320.00,44600.00,280.00,'ardiles',NULL,44320.00),(1549,13,NULL,'2025-08-28 12:16:38','2025-08-28 09:14:00','',NULL,'',5660.00,'efectivo',0,0.00,0.00,5660.00,5700.00,40.00,'elias',NULL,5660.00),(1550,13,NULL,'2025-08-28 12:24:03','2025-08-28 09:23:00','',NULL,'',9210.00,'efectivo',0,0.00,0.00,9210.00,10000.00,790.00,'elias',NULL,9210.00),(1551,13,NULL,'2025-08-28 12:25:33','2025-08-28 09:25:00','',NULL,'',10410.00,'efectivo',0,0.00,0.00,10410.00,11000.00,590.00,'ardiles',NULL,10410.00),(1552,14,136,'2025-08-28 12:36:06','2025-08-29 12:34:00','DERQUI 919',NULL,'',62420.00,'efectivo',0,0.00,0.00,62420.00,0.00,0.00,'ENTREGADO-pedidos',0.00,62420.00),(1553,13,NULL,'2025-08-28 12:37:40','2025-08-28 09:28:00','',NULL,'',12520.00,'efectivo',0,0.00,0.00,12520.00,13000.00,480.00,'elias',NULL,12520.00),(1554,14,415,'2025-08-28 12:41:40','2025-08-29 12:37:00','CALLE 135 ESQ 57 NRO 5706',NULL,'',59580.00,'efectivo',0,0.00,0.00,59580.00,0.00,0.00,'ENTREGADO-pedidos',NULL,59580.00),(1555,14,32,'2025-08-28 12:43:22','2025-08-29 12:42:00','LA BOCA 2202 e/moron y san telmo',NULL,'',62030.00,'efectivo',0,0.00,0.00,62030.00,NULL,0.00,'ENTREGADO-pedidos',NULL,62030.00),(1556,14,77,'2025-08-28 12:46:36','2025-08-29 09:44:00','MILAZZO NRO 2384 E 366 Y 365 B',NULL,'',111730.00,'efectivo',0,0.00,0.00,111730.00,0.00,0.00,'ENTREGADO-pedidos',NULL,111730.00),(1557,14,88,'2025-08-28 12:52:30','2025-08-29 12:51:00','PABLO PODESTA N1570 E/ CAPDEVILLA Y LUGONES',NULL,'',147200.00,'efectivo',0,0.00,0.00,147200.00,NULL,0.00,'ENTREGADO-pedidos',NULL,147200.00),(1559,14,357,'2025-08-28 13:05:02','2025-08-29 12:59:00','CALLE 140 ENTRE 19 Y 20 NRO 1950',NULL,'',410660.00,'efectivo',0,0.00,0.00,410660.00,NULL,0.00,'ENTREGADO-pedidos',NULL,410660.00),(1560,14,205,'2025-08-28 13:06:21','2025-08-29 13:05:00','CALLE 61 A N 5726',NULL,'',63260.00,'efectivo',0,0.00,0.00,63260.00,NULL,0.00,'ENTREGADO-pedidos',NULL,63260.00),(1561,13,NULL,'2025-08-28 13:08:01','2025-08-28 10:07:00','',NULL,'',21200.00,'efectivo',0,0.00,0.00,21200.00,21500.00,300.00,'ardiles',NULL,21200.00),(1562,14,309,'2025-08-28 13:09:41','2025-08-29 13:08:00','CALLE 252 NRO 950 E/ 209 Y 210',NULL,'',49650.00,'efectivo',0,0.00,0.00,49650.00,NULL,0.00,'ENTREGADO-pedidos',NULL,49650.00),(1563,13,NULL,'2025-08-28 13:09:42','2025-08-28 10:09:00','',NULL,'',4650.00,'efectivo',0,0.00,0.00,4650.00,5000.00,350.00,'ardiles',NULL,4650.00),(1564,13,NULL,'2025-08-28 13:25:08','2025-08-28 10:24:00','',NULL,'',6780.00,'efectivo',0,0.00,0.00,6780.00,10000.00,3220.00,'elias',NULL,6780.00),(1565,14,439,'2025-08-28 13:25:20','2025-08-29 13:21:00','CALLE 143 E/ 26 Y 27 NRO 2661',NULL,'',50710.00,'efectivo',0,0.00,0.00,50710.00,NULL,0.00,'ENTREGADO-pedidos',NULL,50710.00),(1566,13,NULL,'2025-08-28 13:30:17','2025-08-28 10:29:00','',NULL,'',22770.00,'efectivo',0,0.00,0.00,22770.00,23000.00,230.00,'elias',NULL,22770.00),(1567,13,NULL,'2025-08-28 13:53:06','2025-08-28 10:52:00','',NULL,'',3030.00,'efectivo',0,0.00,0.00,3030.00,3100.00,70.00,'ardiles',NULL,3030.00),(1568,13,NULL,'2025-08-28 13:55:49','2025-08-28 10:55:00','',NULL,'',3880.00,'efectivo',0,0.00,0.00,3880.00,20000.00,16120.00,'elias',NULL,3880.00),(1569,13,NULL,'2025-08-28 13:56:48','2025-08-28 10:56:00','',NULL,'',33730.00,'efectivo',0,0.00,0.00,33730.00,34000.00,270.00,'ardiles',NULL,33730.00),(1570,13,NULL,'2025-08-28 13:59:43','2025-08-28 10:59:00','',NULL,'',11160.00,'efectivo',0,0.00,0.00,11160.00,11400.00,240.00,'ardiles',NULL,11160.00),(1571,13,NULL,'2025-08-28 14:07:27','2025-08-28 11:06:00','',NULL,'',22700.00,'efectivo',0,0.00,0.00,22700.00,22800.00,100.00,'elias',NULL,22700.00),(1572,13,NULL,'2025-08-28 14:08:47','2025-08-28 11:07:00','',NULL,'',5240.00,'efectivo',0,0.00,0.00,5240.00,20400.00,15160.00,'ardiles',NULL,5240.00),(1573,13,NULL,'2025-08-28 14:14:11','2025-08-28 11:13:00','',NULL,'',3570.00,'efectivo',0,0.00,0.00,3570.00,10000.00,6430.00,'ardiles',NULL,3570.00),(1574,13,NULL,'2025-08-28 14:14:59','2025-08-28 11:14:00','',NULL,'',4390.00,'efectivo',0,0.00,0.00,4390.00,5000.00,610.00,'elias',NULL,4390.00),(1575,14,26,'2025-08-28 14:18:56','2025-08-29 14:17:00','calle 3 nro 2783 e/127 y 128',NULL,'',63900.00,'efectivo',0,0.00,0.00,63900.00,NULL,0.00,'ENTREGADO-pedidos',NULL,63900.00),(1576,13,NULL,'2025-08-28 14:19:32','2025-08-28 11:19:00','',NULL,'',7680.00,'efectivo',0,0.00,0.00,7680.00,8000.00,320.00,'elias',NULL,7680.00),(1577,13,NULL,'2025-08-28 14:24:16','2025-08-28 11:23:00','',NULL,'',11440.00,'efectivo',0,0.00,0.00,11440.00,12000.00,560.00,'ardiles',NULL,11440.00),(1578,13,NULL,'2025-08-28 14:29:02','2025-08-28 11:28:00','',NULL,'',4550.00,'efectivo',0,0.00,0.00,4550.00,5100.00,550.00,'elias',NULL,4550.00),(1579,14,46,'2025-08-28 14:29:42','2025-08-29 14:27:00','2 N4334 entre 143 y 144',NULL,'',133090.00,'efectivo',0,0.00,0.00,133090.00,NULL,0.00,'ENTREGADO-pedidos',NULL,133090.00),(1581,13,NULL,'2025-08-28 14:41:57','2025-08-28 11:41:00','',NULL,'',8200.00,'efectivo',0,0.00,0.00,8200.00,20300.00,12100.00,'ardiles',NULL,8200.00),(1582,13,NULL,'2025-08-28 15:01:18','2025-08-28 12:01:00','',NULL,'',8500.00,'efectivo',0,0.00,0.00,8500.00,10000.00,1500.00,'ardiles',NULL,8500.00),(1583,13,NULL,'2025-08-28 15:04:10','2025-08-28 12:02:00','',NULL,'',1620.00,'efectivo',0,0.00,0.00,1620.00,1700.00,80.00,'ardiles',NULL,1620.00),(1584,14,25,'2025-08-28 15:09:22','2025-08-29 15:08:00','Sucre 328',NULL,'',80790.00,'efectivo',0,0.00,0.00,80790.00,NULL,0.00,'ENTREGADO-pedidos',NULL,80790.00),(1585,13,NULL,'2025-08-28 15:20:02','2025-08-28 12:16:00','',NULL,'',2350.00,'efectivo',0,0.00,0.00,2350.00,3000.00,650.00,'elias',NULL,2350.00),(1586,13,NULL,'2025-08-28 15:21:10','2025-08-28 12:20:00','',NULL,'',6010.00,'efectivo',0,0.00,0.00,6010.00,10100.00,4090.00,'ardiles',NULL,6010.00),(1587,13,NULL,'2025-08-28 15:23:45','2025-08-28 12:23:00','',NULL,'',8390.00,'efectivo',0,0.00,0.00,8390.00,8500.00,110.00,'elias',NULL,8390.00),(1588,13,NULL,'2025-08-28 15:27:48','2025-08-28 12:26:00','',NULL,'',27900.00,'efectivo',0,0.00,0.00,27900.00,28200.00,300.00,'ardiles',NULL,27900.00),(1589,13,NULL,'2025-08-28 15:31:26','2025-08-28 12:28:00','',NULL,'',15180.00,'transferencia',0,1593.90,0.00,16773.90,NULL,0.00,'ardiles',NULL,16773.90),(1590,14,377,'2025-08-28 15:37:55','2025-08-29 18:36:00','136 N271 E/ 2 Y 3',NULL,'2 chicle 2 citro ',70240.00,'efectivo',0,0.00,0.00,70240.00,0.00,0.00,'ENTREGADO-pedidos',NULL,70240.00),(1591,13,NULL,'2025-08-28 15:46:45','2025-08-28 12:46:00','',NULL,'',8490.00,'efectivo',0,0.00,0.00,8490.00,9000.00,510.00,'elias',NULL,8490.00),(1592,13,NULL,'2025-08-28 15:49:21','2025-08-28 12:47:00','',NULL,'',9060.00,'efectivo',0,0.00,0.00,9060.00,10000.00,940.00,'elias',NULL,9060.00),(1593,13,NULL,'2025-08-28 15:51:31','2025-08-28 12:51:00','',NULL,'',5950.00,'efectivo',0,0.00,0.00,5950.00,10000.00,4050.00,'elias',NULL,5950.00),(1594,13,NULL,'2025-08-28 16:04:08','2025-08-28 13:03:00','',NULL,'',6870.00,'efectivo',0,0.00,0.00,6870.00,10000.00,3130.00,'ardiles',NULL,6870.00),(1596,13,NULL,'2025-08-28 16:12:34','2025-08-28 13:12:00','',NULL,'',3550.00,'efectivo',0,0.00,0.00,3550.00,10000.00,6450.00,'ardiles',NULL,3550.00),(1597,14,83,'2025-08-28 16:18:24','2025-08-29 16:16:00','AV JORGE NOVAK NRO 1488 Y VICENTE CABELLO',NULL,'color azul',138010.00,'efectivo',0,0.00,0.00,138010.00,NULL,0.00,'ENTREGADO-pedidos',NULL,138010.00),(1599,13,NULL,'2025-08-28 16:28:46','2025-08-28 13:22:00','',NULL,'',5010.00,'efectivo',0,0.00,0.00,5010.00,10100.00,5090.00,'ardiles',NULL,5010.00),(1600,14,308,'2025-08-28 16:30:39','2025-08-29 16:29:00','DINAMARCA 454 E/ MILAN Y BRUCELAS',NULL,'ES 1 CHICLE Y 1 DE CHERRY QUE SE CARGA COMO CHICLE ',64670.00,'efectivo',0,0.00,0.00,64670.00,0.00,0.00,'ENTREGADO-pedidos',0.00,64670.00),(1602,13,NULL,'2025-08-28 17:04:17','2025-08-28 14:03:00','',NULL,'',11320.00,'efectivo',0,0.00,0.00,11320.00,12000.00,680.00,'ardiles',NULL,11320.00),(1603,13,NULL,'2025-08-28 17:07:32','2025-08-28 14:07:00','',NULL,'',5850.00,'transferencia',0,614.25,0.00,6464.25,NULL,0.00,'elias',NULL,6464.25),(1604,13,NULL,'2025-08-28 17:10:21','2025-08-28 14:09:00','',NULL,'',31330.00,'efectivo',0,0.00,0.00,31330.00,32000.00,670.00,'ardiles',NULL,31330.00),(1605,13,NULL,'2025-08-28 17:13:22','2025-08-28 14:12:00','',NULL,'',5110.00,'efectivo',0,0.00,0.00,5110.00,5500.00,390.00,'ardiles',NULL,5110.00),(1606,13,NULL,'2025-08-28 17:18:16','2025-08-28 14:18:00','',NULL,'',50210.00,'efectivo',0,0.00,0.00,50210.00,50000.00,0.00,'ardiles',NULL,50210.00),(1607,13,NULL,'2025-08-28 17:37:09','2025-08-28 14:36:00','',NULL,'',15890.00,'efectivo',0,0.00,0.00,15890.00,16000.00,110.00,'elias',NULL,15890.00),(1608,13,NULL,'2025-08-28 17:38:07','2025-08-28 14:37:00','',NULL,'',8860.00,'efectivo',0,0.00,0.00,8860.00,10000.00,1140.00,'ardiles',NULL,8860.00),(1610,13,NULL,'2025-08-28 17:41:48','2025-08-28 14:40:00','',NULL,'',6220.00,'efectivo',0,0.00,0.00,6220.00,10000.00,3780.00,'elias',NULL,6220.00),(1611,13,NULL,'2025-08-28 17:42:32','2025-08-28 14:41:00','',NULL,'',13190.00,'efectivo',0,0.00,0.00,13190.00,13500.00,310.00,'ardiles',NULL,13190.00),(1612,13,NULL,'2025-08-28 17:46:33','2025-08-28 14:43:00','',NULL,'',57970.00,'efectivo',0,0.00,0.00,57970.00,59000.00,1030.00,'ardiles',NULL,57970.00),(1613,13,NULL,'2025-08-28 17:47:39','2025-08-28 14:46:00','',NULL,'',10090.00,'efectivo',0,0.00,0.00,10090.00,10100.00,10.00,'elias',NULL,10090.00),(1615,13,NULL,'2025-08-28 18:02:17','2025-08-28 15:00:00','',NULL,'',53140.00,'efectivo',0,0.00,0.00,53140.00,54000.00,860.00,'ardiles',NULL,53140.00),(1616,13,NULL,'2025-08-28 18:07:10','2025-08-28 15:04:00','',NULL,'',37650.00,'transferencia',0,3953.25,0.00,41603.25,NULL,0.00,'elias',NULL,41603.25),(1617,13,NULL,'2025-08-28 18:11:25','2025-08-28 15:10:00','',NULL,'',22060.00,'efectivo',0,0.00,0.00,22060.00,22200.00,140.00,'elias',NULL,22060.00),(1619,13,NULL,'2025-08-28 18:20:49','2025-08-28 15:19:00','',NULL,'',19650.00,'efectivo',0,0.00,0.00,19650.00,20000.00,350.00,'elias',0.00,19650.00),(1620,13,NULL,'2025-08-28 18:26:32','2025-08-28 15:21:00','',NULL,'',14650.00,'efectivo',0,0.00,0.00,14650.00,20000.00,5350.00,'elias',0.00,14650.00),(1621,13,NULL,'2025-08-28 18:32:20','2025-08-28 15:31:00','',NULL,'',16950.00,'efectivo',0,0.00,0.00,16950.00,20100.00,3150.00,'elias',0.00,16950.00),(1622,13,NULL,'2025-08-28 18:34:37','2025-08-28 15:34:00','',NULL,'',3060.00,'efectivo',0,0.00,0.00,3060.00,3100.00,40.00,'elias',0.00,3060.00),(1623,13,NULL,'2025-08-28 18:40:03','2025-08-28 15:39:00','',NULL,'',13250.00,'efectivo',0,0.00,0.00,13250.00,14000.00,750.00,'elias',0.00,13250.00),(1624,13,NULL,'2025-08-28 18:49:29','2025-08-28 15:49:00','',NULL,'',6870.00,'efectivo',0,0.00,0.00,6870.00,20000.00,13130.00,'ardiles',0.00,6870.00),(1625,13,NULL,'2025-08-28 19:00:50','2025-08-28 16:00:00','',NULL,'',2270.00,'efectivo',0,0.00,0.00,2270.00,NULL,0.00,'ardiles',0.00,2270.00),(1626,13,NULL,'2025-08-28 19:04:01','2025-08-28 16:03:00','',NULL,'',2270.00,'efectivo',0,0.00,0.00,2270.00,10000.00,7730.00,'ardiles',0.00,2270.00),(1629,13,NULL,'2025-08-29 11:31:33','2025-08-29 08:31:00','',NULL,'',4390.00,'efectivo',0,0.00,0.00,4390.00,4500.00,110.00,'elias',0.00,4390.00),(1630,13,NULL,'2025-08-29 11:39:15','2025-08-29 08:38:00','',NULL,'',22950.00,'efectivo',0,0.00,0.00,22950.00,23500.00,550.00,'ardiles',0.00,22950.00),(1631,13,NULL,'2025-08-29 11:42:28','2025-08-29 08:42:00','',NULL,'',13870.00,'efectivo',0,0.00,0.00,13870.00,14000.00,130.00,'ardiles',0.00,13870.00),(1632,13,NULL,'2025-08-29 11:48:56','2025-08-29 08:48:00','',NULL,'',10530.00,'transferencia',0,1105.65,0.00,11635.65,NULL,0.00,'ardiles',0.00,11635.65),(1633,13,NULL,'2025-08-29 11:56:29','2025-08-29 08:54:00','',NULL,'',8860.00,'transferencia',0,930.30,0.00,9790.30,NULL,0.00,'ardiles',0.00,9790.30),(1634,13,NULL,'2025-08-29 11:57:11','2025-08-29 08:56:00','',NULL,'',7940.00,'efectivo',0,0.00,0.00,7940.00,8100.00,160.00,'ardiles',0.00,7940.00),(1635,13,NULL,'2025-08-29 12:55:02','2025-08-29 09:45:00','',NULL,'',35730.00,'efectivo',0,0.00,0.00,35730.00,40000.00,4270.00,'elias',0.00,35730.00),(1636,13,NULL,'2025-08-29 12:56:58','2025-08-29 09:56:00','',NULL,'',4390.00,'efectivo',0,0.00,0.00,4390.00,4400.00,10.00,'elias',0.00,4390.00),(1637,13,NULL,'2025-08-29 12:57:51','2025-08-29 09:57:00','',NULL,'',16060.00,'efectivo',0,0.00,0.00,16060.00,16200.00,140.00,'ardiles',0.00,16060.00),(1638,13,NULL,'2025-08-29 13:00:48','2025-08-29 10:00:00','',NULL,'',1170.00,'efectivo',0,0.00,0.00,1170.00,10200.00,9030.00,'ardiles',0.00,1170.00),(1639,13,NULL,'2025-08-29 13:09:43','2025-08-29 10:09:00','',NULL,'',7380.00,'efectivo',0,0.00,0.00,7380.00,20000.00,12620.00,'ardiles',0.00,7380.00),(1640,13,NULL,'2025-08-29 13:11:14','2025-08-29 10:11:00','',NULL,'',5010.00,'efectivo',0,0.00,0.00,5010.00,10000.00,4990.00,'ardiles',0.00,5010.00),(1641,13,NULL,'2025-08-29 13:23:51','2025-08-29 10:23:00','',NULL,'',4630.00,'efectivo',0,0.00,0.00,4630.00,20000.00,15370.00,'elias',0.00,4630.00),(1642,13,NULL,'2025-08-29 13:37:37','2025-08-29 10:36:00','',NULL,'',17420.00,'transferencia',0,1829.10,0.00,19249.10,NULL,0.00,'ardiles',0.00,19249.10),(1643,13,NULL,'2025-08-29 13:39:34','2025-08-29 10:37:00','',NULL,'',214880.00,'efectivo',0,0.00,0.00,214880.00,215300.00,420.00,'elias',0.00,214880.00),(1644,13,NULL,'2025-08-29 13:40:26','2025-08-29 10:40:00','',NULL,'',4630.00,'efectivo',0,0.00,0.00,4630.00,10000.00,5370.00,'ardiles',0.00,4630.00),(1645,13,NULL,'2025-08-29 13:40:55','2025-08-29 10:40:00','',NULL,'',4630.00,'efectivo',0,0.00,0.00,4630.00,5000.00,370.00,'ardiles',0.00,4630.00),(1646,13,NULL,'2025-08-29 13:45:20','2025-08-29 10:42:00','',NULL,'',11240.00,'transferencia',0,1180.20,0.00,12420.20,NULL,0.00,'ardiles',0.00,12420.20),(1647,13,NULL,'2025-08-29 13:47:46','2025-08-29 10:45:00','',NULL,'',4930.00,'efectivo',0,0.00,0.00,4930.00,10000.00,5070.00,'elias',0.00,4930.00),(1648,13,NULL,'2025-08-29 13:49:54','2025-08-29 10:48:00','',NULL,'',3690.00,'efectivo',0,0.00,0.00,3690.00,4000.00,310.00,'elias',0.00,3690.00),(1651,13,NULL,'2025-08-29 13:58:33','2025-08-29 10:53:00','',NULL,'',16980.00,'efectivo',0,0.00,0.00,16980.00,17100.00,120.00,'ardiles',0.00,16980.00),(1652,13,NULL,'2025-08-29 14:02:57','2025-08-29 10:59:00','',NULL,'',8480.00,'efectivo',0,0.00,0.00,8480.00,10000.00,1520.00,'ardiles',0.00,8480.00),(1653,13,NULL,'2025-08-29 14:11:30','2025-08-29 11:09:00','',NULL,'',3490.00,'efectivo',0,0.00,0.00,3490.00,3500.00,10.00,'elias',0.00,3490.00),(1654,13,NULL,'2025-08-29 14:22:10','2025-08-29 11:21:00','',NULL,'',5720.00,'efectivo',0,0.00,0.00,5720.00,6000.00,280.00,'ardiles',0.00,5720.00),(1655,13,NULL,'2025-08-29 15:04:05','2025-08-29 12:03:00','',NULL,'',3080.00,'efectivo',0,0.00,0.00,3080.00,3100.00,20.00,'elias',0.00,3080.00),(1656,13,NULL,'2025-08-29 15:23:09','2025-08-29 12:20:00','',NULL,'',82940.00,'efectivo',0,0.00,0.00,82940.00,83200.00,260.00,'elias',0.00,82940.00),(1657,13,NULL,'2025-08-29 15:23:46','2025-08-29 12:23:00','',NULL,'',8860.00,'efectivo',0,0.00,0.00,8860.00,8900.00,40.00,'ardiles',0.00,8860.00),(1658,13,NULL,'2025-08-29 15:26:54','2025-08-29 12:26:00','',NULL,'',11620.00,'efectivo',0,0.00,0.00,11620.00,12000.00,380.00,'elias',0.00,11620.00),(1659,13,NULL,'2025-08-29 15:32:43','2025-08-29 12:31:00','',NULL,'',2350.00,'efectivo',0,0.00,0.00,2350.00,2500.00,150.00,'moises',0.00,2350.00),(1660,13,NULL,'2025-08-29 15:46:26','2025-08-29 12:39:00','',NULL,'',48650.00,'efectivo',0,0.00,0.00,48650.00,50000.00,1350.00,'elias',0.00,48650.00),(1661,13,NULL,'2025-08-29 15:50:57','2025-08-29 12:49:00','',NULL,'',12000.00,'efectivo',0,0.00,0.00,12000.00,12100.00,100.00,'mauricio',0.00,12000.00),(1662,13,NULL,'2025-08-29 16:01:49','2025-08-29 13:01:00','',NULL,'',31020.00,'efectivo',0,0.00,0.00,31020.00,32000.00,980.00,'ardiles',0.00,31020.00),(1663,13,NULL,'2025-08-29 16:14:51','2025-08-29 13:12:00','',NULL,'',25410.00,'efectivo',0,0.00,0.00,25410.00,26000.00,590.00,'ardiles',0.00,25410.00),(1664,13,NULL,'2025-08-29 16:19:21','2025-08-29 13:14:00','',NULL,'',12140.00,'transferencia',0,1274.70,0.00,13414.70,NULL,0.00,'elias',0.00,13414.70),(1665,13,NULL,'2025-08-29 16:20:30','2025-08-29 13:19:00','',NULL,'',13410.00,'efectivo',0,0.00,0.00,13410.00,NULL,0.00,'elias',0.00,13410.00),(1666,13,NULL,'2025-08-29 16:21:32','2025-08-29 13:21:00','',NULL,'',7840.00,'transferencia',0,823.20,0.00,8663.20,NULL,0.00,'ardiles',0.00,8663.20),(1667,13,NULL,'2025-08-29 16:35:21','2025-08-29 13:34:00','',NULL,'',4620.00,'efectivo',0,0.00,0.00,4620.00,5000.00,380.00,'elias',0.00,4620.00),(1668,13,NULL,'2025-08-29 16:39:54','2025-08-29 13:39:00','',NULL,'',7640.00,'efectivo',0,0.00,0.00,7640.00,8000.00,360.00,'elias',0.00,7640.00),(1669,13,NULL,'2025-08-29 17:12:04','2025-08-29 14:11:00','',NULL,'',9370.00,'efectivo',0,0.00,0.00,9370.00,9400.00,30.00,'ardiles',0.00,9370.00),(1670,13,NULL,'2025-08-29 17:18:53','2025-08-29 14:12:00','',NULL,'',21580.00,'efectivo',0,0.00,0.00,21580.00,22000.00,420.00,'elias',0.00,21580.00),(1671,13,NULL,'2025-08-29 17:22:13','2025-08-29 14:21:00','',NULL,'',3250.00,'transferencia',0,341.25,0.00,3591.25,NULL,0.00,'elias',0.00,3591.25),(1672,13,NULL,'2025-08-29 17:26:26','2025-08-29 14:25:00','',NULL,'',22150.00,'transferencia',0,2325.75,0.00,24475.75,NULL,0.00,'elias',0.00,24475.75),(1674,13,NULL,'2025-08-29 17:37:22','2025-08-29 14:36:00','',NULL,'',32940.00,'efectivo',0,0.00,0.00,32940.00,33000.00,60.00,'elias',0.00,32940.00),(1675,13,NULL,'2025-08-29 17:42:01','2025-08-29 14:37:00','',NULL,'',3060.00,'efectivo',0,0.00,0.00,3060.00,4000.00,940.00,'ardiles',0.00,3060.00),(1676,13,NULL,'2025-08-29 17:43:18','2025-08-29 14:42:00','',NULL,'',11220.00,'efectivo',0,0.00,0.00,11220.00,11500.00,280.00,'elias',0.00,11220.00),(1677,13,NULL,'2025-08-29 17:54:54','2025-08-29 14:54:00','',NULL,'',11040.00,'efectivo',0,0.00,0.00,11040.00,11100.00,60.00,'ardiles',0.00,11040.00),(1678,13,NULL,'2025-08-29 17:55:50','2025-08-29 14:54:00','',NULL,'',33120.00,'efectivo',0,0.00,0.00,33120.00,33500.00,380.00,'elias',0.00,33120.00),(1679,13,NULL,'2025-08-29 18:00:26','2025-08-29 14:59:00','',NULL,'',26080.00,'efectivo',0,0.00,0.00,26080.00,27000.00,920.00,'ardiles',0.00,26080.00),(1680,13,NULL,'2025-08-29 18:03:41','2025-08-29 15:02:00','',NULL,'',17500.00,'efectivo',0,0.00,0.00,17500.00,18000.00,500.00,'elias',0.00,17500.00),(1681,13,NULL,'2025-08-29 18:07:32','2025-08-29 15:07:00','',NULL,'',10440.00,'efectivo',0,0.00,0.00,10440.00,10600.00,160.00,'ardiles',0.00,10440.00),(1682,13,NULL,'2025-08-29 18:11:01','2025-08-29 15:10:00','',NULL,'',16620.00,'efectivo',0,0.00,0.00,16620.00,17000.00,380.00,'ardiles',0.00,16620.00),(1683,13,NULL,'2025-08-29 18:19:16','2025-08-29 15:18:00','',NULL,'',19490.00,'efectivo',0,0.00,0.00,19490.00,20000.00,510.00,'elias',0.00,19490.00),(1684,13,NULL,'2025-08-29 18:31:35','2025-08-29 15:31:00','',NULL,'',14210.00,'efectivo',0,0.00,0.00,14210.00,20000.00,5790.00,'ardiles',0.00,14210.00),(1685,13,NULL,'2025-08-29 18:38:03','2025-08-29 15:31:00','',NULL,'',3850.00,'transferencia',0,404.25,0.00,4254.25,NULL,0.00,'elias',0.00,4254.25),(1686,13,NULL,'2025-08-29 18:49:13','2025-08-29 15:39:00','',NULL,'',30040.00,'efectivo',0,0.00,0.00,30040.00,NULL,0.00,'elias',0.00,30040.00),(1687,13,NULL,'2025-08-29 18:57:25','2025-08-29 15:49:00','',NULL,'',6630.00,'efectivo',0,0.00,0.00,6630.00,10000.00,3370.00,'elias',0.00,6630.00),(1688,13,NULL,'2025-08-30 12:10:09','2025-08-30 09:09:00','',NULL,'',4020.00,'efectivo',0,0.00,0.00,4020.00,4100.00,80.00,'martin',0.00,4020.00),(1689,13,NULL,'2025-08-30 12:12:08','2025-08-30 09:11:00','',NULL,'',60290.00,'efectivo',0,0.00,0.00,60290.00,60600.00,310.00,'martin',0.00,60290.00),(1690,13,NULL,'2025-08-30 12:13:53','2025-08-30 09:12:00','',NULL,'',60480.00,'efectivo',0,0.00,0.00,60480.00,60600.00,120.00,'martin',0.00,60480.00),(1691,13,NULL,'2025-08-30 12:14:57','2025-08-30 09:14:00','',NULL,'',10410.00,'efectivo',0,0.00,0.00,10410.00,10500.00,90.00,'gabriel',0.00,10410.00),(1692,13,NULL,'2025-08-30 12:16:35','2025-08-30 09:15:00','',NULL,'',17100.00,'efectivo',0,0.00,0.00,17100.00,17300.00,200.00,'martin',0.00,17100.00),(1693,13,NULL,'2025-08-30 12:17:52','2025-08-30 09:16:00','',NULL,'',22820.00,'efectivo',0,0.00,0.00,22820.00,23100.00,280.00,'elias',0.00,22820.00),(1694,13,NULL,'2025-08-30 12:20:31','2025-08-30 09:20:00','',NULL,'',31250.00,'efectivo',0,0.00,0.00,31250.00,40000.00,8750.00,'martin',0.00,31250.00),(1695,13,NULL,'2025-08-30 12:21:53','2025-08-30 09:21:00','',NULL,'',9640.00,'efectivo',0,0.00,0.00,9640.00,9800.00,160.00,'mauricio',0.00,9640.00),(1696,13,NULL,'2025-08-30 12:25:53','2025-08-30 09:23:00','',NULL,'',63530.00,'efectivo',0,0.00,0.00,63530.00,65300.00,1770.00,'elias',0.00,63530.00),(1697,13,NULL,'2025-08-30 12:30:12','2025-08-30 09:28:00','',NULL,'',2930.00,'efectivo',0,0.00,0.00,2930.00,3000.00,70.00,'elias',0.00,2930.00),(1698,13,NULL,'2025-08-30 12:33:30','2025-08-30 09:33:00','',NULL,'',11390.00,'efectivo',0,0.00,0.00,11390.00,12000.00,610.00,'elias',0.00,11390.00),(1700,13,NULL,'2025-08-30 12:44:37','2025-08-30 09:43:00','',NULL,'',29040.00,'efectivo',0,0.00,0.00,29040.00,40000.00,10960.00,'mauricio',0.00,29040.00),(1703,13,NULL,'2025-08-30 12:58:14','2025-08-30 09:50:00','',NULL,'',133320.00,'efectivo',0,0.00,0.00,133320.00,134100.00,780.00,'martin',0.00,133320.00),(1704,13,NULL,'2025-08-30 13:00:55','2025-08-30 10:00:00','',NULL,'',10630.00,'transferencia',0,1116.15,0.00,11746.15,NULL,0.00,'elias',0.00,11746.15),(1705,13,NULL,'2025-08-30 13:01:39','2025-08-30 09:55:00','',NULL,'',3980.00,'efectivo',0,0.00,0.00,3980.00,4500.00,520.00,'martin',0.00,3980.00),(1706,13,NULL,'2025-08-30 13:03:41','2025-08-30 10:02:00','',NULL,'',16170.00,'efectivo',0,0.00,0.00,16170.00,17000.00,830.00,'mauricio',0.00,16170.00),(1707,13,NULL,'2025-08-30 13:04:32','2025-08-30 10:03:00','',NULL,'',3510.00,'efectivo',0,0.00,0.00,3510.00,3600.00,90.00,'elias',0.00,3510.00),(1708,13,NULL,'2025-08-30 13:06:51','2025-08-30 10:06:00','',NULL,'',3030.00,'efectivo',0,0.00,0.00,3030.00,10000.00,6970.00,'martin',0.00,3030.00),(1709,13,NULL,'2025-08-30 13:07:18','2025-08-30 10:07:00','',NULL,'',10090.00,'transferencia',0,1059.45,0.00,11149.45,NULL,0.00,'elias',0.00,11149.45),(1710,13,NULL,'2025-08-30 13:08:20','2025-08-30 10:07:00','',NULL,'',12430.00,'efectivo',0,0.00,0.00,12430.00,13000.00,570.00,'mauricio',0.00,12430.00),(1711,13,NULL,'2025-08-30 13:12:21','2025-08-30 10:09:00','',NULL,'',5220.00,'efectivo',0,0.00,0.00,5220.00,5300.00,80.00,'mauricio',0.00,5220.00),(1712,13,NULL,'2025-08-30 13:15:13','2025-08-30 10:14:00','',NULL,'',19520.00,'efectivo',0,0.00,0.00,19520.00,20000.00,480.00,'martin',0.00,19520.00),(1713,13,NULL,'2025-08-30 13:18:33','2025-08-30 10:17:00','',NULL,'',14320.00,'efectivo',0,0.00,0.00,14320.00,15000.00,680.00,'mauricio',0.00,14320.00),(1714,13,NULL,'2025-08-30 13:22:30','2025-08-30 10:22:00','',NULL,'',13350.00,'efectivo',0,0.00,0.00,13350.00,14000.00,650.00,'martin',0.00,13350.00),(1715,13,NULL,'2025-08-30 13:24:05','2025-08-30 10:22:00','',NULL,'',73250.00,'efectivo',0,0.00,0.00,73250.00,80000.00,6750.00,'elias',0.00,73250.00),(1716,13,NULL,'2025-08-30 13:30:11','2025-08-30 10:29:00','',NULL,'',15140.00,'efectivo',0,0.00,0.00,15140.00,15300.00,160.00,'martin',0.00,15140.00),(1717,13,NULL,'2025-08-30 13:33:38','2025-08-30 10:32:00','',NULL,'',26800.00,'efectivo',0,0.00,0.00,26800.00,30100.00,3300.00,'ardiles',0.00,26800.00),(1718,13,NULL,'2025-08-30 13:34:29','2025-08-30 10:33:00','',NULL,'',19040.00,'efectivo',0,0.00,0.00,19040.00,20000.00,960.00,'martin',0.00,19040.00),(1719,13,NULL,'2025-08-30 13:36:25','2025-08-30 10:35:00','',NULL,'',11320.00,'efectivo',0,0.00,0.00,11320.00,20000.00,8680.00,'ardiles',0.00,11320.00),(1720,13,NULL,'2025-08-30 13:36:40','2025-08-30 10:36:00','',NULL,'',3060.00,'efectivo',0,0.00,0.00,3060.00,4000.00,940.00,'martin',0.00,3060.00),(1721,13,NULL,'2025-08-30 13:40:30','2025-08-30 10:38:00','',NULL,'',12430.00,'efectivo',0,0.00,0.00,12430.00,12500.00,70.00,'elias',0.00,12430.00),(1722,13,NULL,'2025-08-30 13:41:37','2025-08-30 10:40:00','',NULL,'',21830.00,'efectivo',0,0.00,0.00,21830.00,22400.00,570.00,'ardiles',0.00,21830.00),(1723,13,NULL,'2025-08-30 13:42:38','2025-08-30 10:41:00','',NULL,'',2040.00,'efectivo',0,0.00,0.00,2040.00,NULL,0.00,'martin',0.00,2040.00),(1724,13,NULL,'2025-08-30 13:44:24','2025-08-30 10:42:00','',NULL,'',30210.00,'efectivo',0,0.00,0.00,30210.00,30400.00,190.00,'mauricio',0.00,30210.00),(1725,13,NULL,'2025-08-30 13:46:06','2025-08-30 10:44:00','',NULL,'',10260.00,'efectivo',0,0.00,0.00,10260.00,10400.00,140.00,'elias',0.00,10260.00),(1726,13,NULL,'2025-08-30 13:46:33','2025-08-30 10:46:00','',NULL,'',4350.00,'efectivo',0,0.00,0.00,4350.00,4500.00,150.00,'mauricio',0.00,4350.00),(1727,13,NULL,'2025-08-30 13:48:23','2025-08-30 10:48:00','',NULL,'',3030.00,'efectivo',0,0.00,0.00,3030.00,3100.00,70.00,'mauricio',0.00,3030.00),(1728,13,NULL,'2025-08-30 13:52:44','2025-08-30 10:49:00','',NULL,'',10050.00,'efectivo',0,0.00,0.00,10050.00,10200.00,150.00,'mauricio',0.00,10050.00),(1729,13,NULL,'2025-08-30 13:53:33','2025-08-30 10:53:00','',NULL,'',3510.00,'efectivo',0,0.00,0.00,3510.00,3600.00,90.00,'martin',0.00,3510.00),(1730,13,NULL,'2025-08-30 14:02:02','2025-08-30 10:55:00','',NULL,'',3030.00,'efectivo',0,0.00,0.00,3030.00,10000.00,6970.00,'mauricio',0.00,3030.00),(1731,14,434,'2025-08-30 14:03:28','2025-09-05 14:00:00','CALLE 830 NRO 591 ESQ 811',NULL,'',98080.00,'efectivo',0,0.00,0.00,98080.00,0.00,0.00,'pedidos',0.00,98080.00),(1732,13,NULL,'2025-08-30 14:08:32','2025-08-30 11:04:00','',NULL,'',7680.00,'efectivo',0,0.00,0.00,7680.00,8000.00,320.00,'mauricio',0.00,7680.00),(1733,13,NULL,'2025-08-30 14:12:20','2025-08-30 11:09:00','',NULL,'',26410.00,'efectivo',0,0.00,0.00,26410.00,27000.00,590.00,'ardiles',0.00,26410.00),(1734,13,NULL,'2025-08-30 14:13:19','2025-08-30 11:12:00','',NULL,'',7860.00,'efectivo',0,0.00,0.00,7860.00,10000.00,2140.00,'mauricio',0.00,7860.00),(1735,13,NULL,'2025-08-30 14:21:28','2025-08-30 11:21:00','',NULL,'',3200.00,'efectivo',0,0.00,0.00,3200.00,3500.00,300.00,'mauricio',0.00,3200.00),(1736,13,NULL,'2025-08-30 14:23:18','2025-08-30 11:22:00','',NULL,'',2330.00,'efectivo',0,0.00,0.00,2330.00,2400.00,70.00,'elias',0.00,2330.00),(1737,13,NULL,'2025-08-30 14:31:11','2025-08-30 11:28:00','',NULL,'',10520.00,'efectivo',0,0.00,0.00,10520.00,10700.00,180.00,'mauricio',0.00,10520.00),(1738,13,NULL,'2025-08-30 14:36:25','2025-08-30 11:34:00','',NULL,'',10080.00,'efectivo',0,0.00,0.00,10080.00,10500.00,420.00,'mauricio',0.00,10080.00),(1739,13,NULL,'2025-08-30 14:38:05','2025-08-30 11:36:00','',NULL,'',19630.00,'efectivo',0,0.00,0.00,19630.00,20000.00,370.00,'martin',0.00,19630.00),(1740,13,NULL,'2025-08-30 14:39:13','2025-08-30 11:39:00','',NULL,'',3850.00,'efectivo',0,0.00,0.00,3850.00,4000.00,150.00,'mauricio',0.00,3850.00),(1741,13,NULL,'2025-08-30 14:44:43','2025-08-30 11:40:00','',NULL,'',8210.00,'efectivo',0,0.00,0.00,8210.00,8300.00,90.00,'martin',0.00,8210.00),(1742,13,NULL,'2025-08-30 14:46:29','2025-08-30 11:46:00','',NULL,'',3060.00,'efectivo',0,0.00,0.00,3060.00,3100.00,40.00,'martin',0.00,3060.00),(1743,13,NULL,'2025-08-30 14:47:39','2025-08-30 11:46:00','',NULL,'',57190.00,'efectivo',0,0.00,0.00,57190.00,58000.00,810.00,'elias',0.00,57190.00),(1745,13,NULL,'2025-08-30 14:48:37','2025-08-30 11:48:00','',NULL,'',8560.00,'efectivo',0,0.00,0.00,8560.00,9000.00,440.00,'mauricio',0.00,8560.00),(1746,13,NULL,'2025-08-30 14:49:56','2025-08-30 11:49:00','',NULL,'',11160.00,'efectivo',0,0.00,0.00,11160.00,11300.00,140.00,'martin',0.00,11160.00),(1747,13,NULL,'2025-08-30 14:51:01','2025-08-30 11:50:00','',NULL,'',3060.00,'efectivo',0,0.00,0.00,3060.00,3100.00,40.00,'gabriel',0.00,3060.00),(1748,13,NULL,'2025-08-30 14:53:27','2025-08-30 11:53:00','',NULL,'',8150.00,'efectivo',0,0.00,0.00,8150.00,8300.00,150.00,'martin',0.00,8150.00),(1749,13,NULL,'2025-08-30 14:53:54','2025-08-30 11:53:00','',NULL,'',20930.00,'efectivo',0,0.00,0.00,20930.00,21000.00,70.00,'mauricio',0.00,20930.00),(1750,13,NULL,'2025-08-30 14:55:24','2025-08-30 11:54:00','',NULL,'',6020.00,'efectivo',0,0.00,0.00,6020.00,NULL,0.00,'gabriel',0.00,6020.00),(1751,13,NULL,'2025-08-30 14:56:32','2025-08-30 11:56:00','',NULL,'',810.00,'efectivo',0,0.00,0.00,810.00,NULL,0.00,'ardiles',0.00,810.00),(1752,13,NULL,'2025-08-30 14:56:47','2025-08-30 11:55:00','',NULL,'',23910.00,'transferencia',0,2510.55,0.00,26420.55,NULL,0.00,'elias',0.00,26420.55),(1753,13,NULL,'2025-08-30 14:57:33','2025-08-30 11:57:00','',NULL,'',9050.00,'efectivo',0,0.00,0.00,9050.00,10000.00,950.00,'mauricio',0.00,9050.00),(1754,13,NULL,'2025-08-30 14:57:41','2025-08-30 11:57:00','',NULL,'',810.00,'efectivo',0,0.00,0.00,810.00,NULL,0.00,'ardiles',0.00,810.00),(1755,13,NULL,'2025-08-30 14:58:39','2025-08-30 11:58:00','',NULL,'',8130.00,'efectivo',0,0.00,0.00,8130.00,NULL,0.00,'gabriel',0.00,8130.00),(1756,13,NULL,'2025-08-30 14:59:08','2025-08-30 11:58:00','',NULL,'',810.00,'efectivo',0,0.00,0.00,810.00,900.00,90.00,'ardiles',0.00,810.00),(1757,13,NULL,'2025-08-30 15:02:14','2025-08-30 11:58:00','',NULL,'',8470.00,'efectivo',0,0.00,0.00,8470.00,10000.00,1530.00,'mauricio',0.00,8470.00),(1758,13,NULL,'2025-08-30 15:04:03','2025-08-30 12:03:00','',NULL,'',9910.00,'efectivo',0,0.00,0.00,9910.00,10100.00,190.00,'ardiles',0.00,9910.00),(1759,13,NULL,'2025-08-30 15:06:22','2025-08-30 12:05:00','',NULL,'',8540.00,'efectivo',0,0.00,0.00,8540.00,9000.00,460.00,'elias',0.00,8540.00),(1760,13,NULL,'2025-08-30 15:08:45','2025-08-30 12:08:00','',NULL,'',9580.00,'efectivo',0,0.00,0.00,9580.00,9700.00,120.00,'martin',0.00,9580.00),(1761,13,NULL,'2025-08-30 15:10:04','2025-08-30 12:05:00','',NULL,'',14440.00,'efectivo',0,0.00,0.00,14440.00,14500.00,60.00,'martin',0.00,14440.00),(1762,13,NULL,'2025-08-30 15:11:17','2025-08-30 12:11:00','',NULL,'',5660.00,'efectivo',0,0.00,0.00,5660.00,NULL,0.00,'martin',0.00,5660.00),(1763,13,NULL,'2025-08-30 15:11:55','2025-08-30 12:11:00','',NULL,'',4520.00,'efectivo',0,0.00,0.00,4520.00,4600.00,80.00,'martin',0.00,4520.00),(1764,13,NULL,'2025-08-30 15:13:51','2025-08-30 12:12:00','',NULL,'',4280.00,'efectivo',0,0.00,0.00,4280.00,4400.00,120.00,'mauricio',0.00,4280.00),(1765,13,NULL,'2025-08-30 15:18:09','2025-08-30 12:17:00','',NULL,'',2280.00,'efectivo',0,0.00,0.00,2280.00,2300.00,20.00,'martin',0.00,2280.00),(1768,13,NULL,'2025-08-30 15:20:24','2025-08-30 12:19:00','',NULL,'',30430.00,'efectivo',0,0.00,0.00,30430.00,NULL,0.00,'elias',0.00,30430.00),(1769,13,NULL,'2025-08-30 15:26:52','2025-08-30 12:20:00','',NULL,'',56310.00,'efectivo',0,0.00,0.00,56310.00,56900.00,590.00,'martin',0.00,56310.00),(1770,13,NULL,'2025-09-01 11:04:08','2025-09-01 08:03:00','',NULL,'',3490.00,'efectivo',0,0.00,0.00,3490.00,4000.00,510.00,'ardiles',0.00,3490.00),(1771,13,NULL,'2025-09-01 11:19:02','2025-09-01 08:14:00','',NULL,'',6630.00,'efectivo',0,0.00,0.00,6630.00,6700.00,70.00,'ardiles',0.00,6630.00),(1772,13,NULL,'2025-09-01 11:31:18','2025-09-01 08:30:00','',NULL,'',3200.00,'efectivo',0,0.00,0.00,3200.00,10000.00,6800.00,'elias',0.00,3200.00),(1773,13,NULL,'2025-09-01 11:50:02','2025-09-01 08:49:00','',NULL,'',4660.00,'efectivo',0,0.00,0.00,4660.00,10000.00,5340.00,'elias',0.00,4660.00),(1774,14,421,'2025-09-01 12:15:30','2025-09-02 12:11:00','CALLE 24 E/ 158 Y 159 N 5851',NULL,'',75080.00,'efectivo',0,0.00,0.00,75100.00,0.00,0.00,'pedidos',0.00,75100.00),(1775,14,419,'2025-09-01 12:28:39','2025-09-02 12:27:00','CALLE 164 A N 5833 E/ 58 Y 58 A',NULL,'',71270.00,'efectivo',0,0.00,0.00,71270.00,NULL,0.00,'pedidos',0.00,71270.00),(1776,13,NULL,'2025-09-01 12:46:56','2025-09-01 08:51:00','',NULL,'',18060.00,'efectivo',0,0.00,0.00,18060.00,17500.00,0.00,'mauricio',0.00,18060.00),(1779,13,NULL,'2025-09-01 13:19:51','2025-09-01 10:19:00','',NULL,'',6740.00,'efectivo',0,0.00,0.00,6740.00,10000.00,3260.00,'elias',0.00,6740.00),(1780,13,NULL,'2025-09-01 13:21:46','2025-09-01 10:21:00','',NULL,'',4350.00,'efectivo',0,0.00,0.00,4350.00,20000.00,15650.00,'elias',0.00,4350.00),(1781,13,NULL,'2025-09-01 13:26:32','2025-09-01 10:25:00','',NULL,'',13220.00,'efectivo',0,0.00,0.00,13220.00,20000.00,6780.00,'elias',0.00,13220.00),(1783,13,NULL,'2025-09-01 13:32:18','2025-09-01 10:31:00','',NULL,'',14950.00,'efectivo',0,0.00,0.00,14950.00,25000.00,10050.00,'elias',0.00,14950.00),(1784,13,NULL,'2025-09-01 13:39:20','2025-09-01 10:36:00','',NULL,'',4520.00,'efectivo',0,0.00,0.00,4520.00,5000.00,480.00,'mauricio',0.00,4520.00),(1785,13,NULL,'2025-09-01 13:45:57','2025-09-01 10:45:00','',NULL,'',32140.00,'efectivo',0,0.00,0.00,32140.00,32200.00,60.00,'gabriel',0.00,32140.00),(1786,13,NULL,'2025-09-01 13:51:17','2025-09-01 10:50:00','',NULL,'',16650.00,'efectivo',0,0.00,0.00,16650.00,17000.00,350.00,'elias',0.00,16650.00),(1788,14,521,'2025-09-01 13:57:52','2025-09-05 13:57:00','CALLE YUGOSLAVIA NRO 1697 ESQ VIENA',NULL,'',0.00,'efectivo',0,0.00,0.00,0.00,NULL,0.00,'pedidos',0.00,0.00),(1789,14,35,'2025-09-01 13:59:20','2025-09-02 09:00:00','no registrada',NULL,'todo en bidones x 5',213960.00,'efectivo',0,0.00,0.00,213960.00,NULL,0.00,'pedidos',0.00,213960.00),(1790,13,NULL,'2025-09-01 14:01:39','2025-09-01 10:57:00','',NULL,'',15220.00,'efectivo',0,0.00,0.00,15220.00,20500.00,5280.00,'elias',0.00,15220.00),(1791,13,NULL,'2025-09-01 14:03:21','2025-09-01 11:02:00','',NULL,'',4760.00,'efectivo',0,0.00,0.00,4760.00,5000.00,240.00,'elias',0.00,4760.00),(1792,13,NULL,'2025-09-01 14:11:37','2025-09-01 11:10:00','',NULL,'',34810.00,'efectivo',0,0.00,0.00,34810.00,35100.00,290.00,'elias',0.00,34810.00),(1793,13,NULL,'2025-09-01 14:14:55','2025-09-01 11:12:00','',NULL,'',6870.00,'efectivo',0,0.00,0.00,6870.00,10000.00,3130.00,'elias',0.00,6870.00),(1794,14,65,'2025-09-01 14:54:01','2025-09-03 14:52:00','no registrada',NULL,'',341300.00,'efectivo',0,0.00,0.00,341300.00,0.00,0.00,'pedidos',0.00,341300.00),(1795,13,NULL,'2025-09-01 15:03:20','2025-09-01 12:01:00','',NULL,'',48630.00,'efectivo',0,0.00,0.00,48630.00,50000.00,1370.00,'elias',0.00,48630.00),(1796,13,NULL,'2025-09-01 15:06:19','2025-09-01 12:05:00','',NULL,'',11020.00,'efectivo',0,0.00,0.00,11020.00,20100.00,9080.00,'ardiles',0.00,11020.00),(1797,13,NULL,'2025-09-01 15:09:50','2025-09-01 12:09:00','',NULL,'',27720.00,'efectivo',0,0.00,0.00,27720.00,28000.00,280.00,'elias',0.00,27720.00),(1798,14,77,'2025-09-01 15:17:26','2025-09-02 15:14:00','MILAZZO NRO 2384 E 366 Y 365 B',NULL,'',91400.00,'efectivo',0,0.00,0.00,91400.00,NULL,0.00,'pedidos',0.00,91400.00),(1799,13,NULL,'2025-09-01 15:21:23','2025-09-01 12:11:00','',NULL,'',11600.00,'transferencia',0,1218.00,0.00,12818.00,NULL,0.00,'elias',0.00,12818.00),(1800,13,NULL,'2025-09-01 15:27:57','2025-09-01 12:25:00','',NULL,'',7930.00,'efectivo',0,0.00,0.00,7930.00,8100.00,170.00,'elias',0.00,7930.00),(1801,14,282,'2025-09-01 15:32:11','2025-09-02 15:29:00','CALLE 31 E/ 159 A Y 160 NRO 5971',NULL,'',70630.00,'efectivo',0,0.00,0.00,70630.00,NULL,0.00,'pedidos',0.00,70630.00),(1803,13,NULL,'2025-09-01 15:42:12','2025-09-01 12:41:00','',NULL,'',5440.00,'efectivo',0,0.00,0.00,5440.00,5500.00,60.00,'elias',0.00,5440.00),(1805,14,105,'2025-09-01 15:48:39','2025-09-02 15:47:00','10 N2728',NULL,'',108670.00,'efectivo',0,0.00,0.00,108700.00,0.00,0.00,'pedidos',0.00,108700.00),(1806,14,26,'2025-09-01 16:02:09','2025-09-02 16:01:00','calle 3 nro 2783 e/127 y 128',NULL,'',45250.00,'efectivo',0,0.00,0.00,45250.00,NULL,0.00,'pedidos',0.00,45250.00),(1807,13,NULL,'2025-09-01 16:04:21','2025-09-01 13:03:00','',NULL,'',4830.00,'efectivo',0,0.00,0.00,4830.00,5000.00,170.00,'elias',0.00,4830.00),(1808,14,481,'2025-09-01 16:12:01','2025-09-05 16:05:00','CALLE 509 N 4048 E/HUMAHUACA Y 580',NULL,'',91330.00,'efectivo',0,0.00,0.00,91330.00,0.00,0.00,'pedidos',0.00,91330.00),(1809,13,NULL,'2025-09-01 16:15:29','2025-09-01 13:15:00','',NULL,'',9710.00,'efectivo',0,0.00,0.00,9710.00,10000.00,290.00,'mauricio',0.00,9710.00),(1810,13,NULL,'2025-09-01 16:20:50','2025-09-01 13:19:00','',NULL,'',4890.00,'efectivo',0,0.00,0.00,4890.00,5000.00,110.00,'mauricio',0.00,4890.00),(1811,13,NULL,'2025-09-01 16:22:06','2025-09-01 13:21:00','',NULL,'',2450.00,'efectivo',0,0.00,0.00,2450.00,3000.00,550.00,'mauricio',0.00,2450.00),(1812,13,NULL,'2025-09-01 16:26:34','2025-09-01 13:24:00','',NULL,'',11580.00,'efectivo',0,0.00,0.00,11580.00,11700.00,120.00,'martin',0.00,11580.00),(1813,14,203,'2025-09-01 16:59:55','2025-09-02 16:59:00','135 N5766 entre 56A y 57',NULL,'',93570.00,'efectivo',0,0.00,0.00,93600.00,0.00,0.00,'pedidos',0.00,93600.00),(1814,13,NULL,'2025-09-01 17:01:27','2025-09-01 14:01:00','',NULL,'',3030.00,'efectivo',0,0.00,0.00,3030.00,3100.00,70.00,'mauricio',0.00,3030.00),(1815,13,NULL,'2025-09-01 17:03:02','2025-09-01 14:02:00','',NULL,'',3990.00,'efectivo',0,0.00,0.00,3990.00,10000.00,6010.00,'elias',0.00,3990.00),(1816,13,NULL,'2025-09-01 17:11:02','2025-09-01 14:07:00','',NULL,'',37460.00,'efectivo',0,0.00,0.00,37460.00,38000.00,540.00,'elias',0.00,37460.00),(1817,13,NULL,'2025-09-01 17:14:51','2025-09-01 14:14:00','',NULL,'',19580.00,'efectivo',0,0.00,0.00,19580.00,20700.00,1120.00,'elias',0.00,19580.00),(1819,13,NULL,'2025-09-01 17:20:04','2025-09-01 14:19:00','',NULL,'',4590.00,'efectivo',0,0.00,0.00,4590.00,10600.00,6010.00,'elias',0.00,4590.00),(1820,13,NULL,'2025-09-01 17:22:36','2025-09-01 14:22:00','',NULL,'',8130.00,'efectivo',0,0.00,0.00,8130.00,8200.00,70.00,'elias',0.00,8130.00),(1821,13,NULL,'2025-09-01 17:24:44','2025-09-01 14:24:00','',NULL,'',8130.00,'transferencia',0,853.65,0.00,8983.65,NULL,0.00,'elias',0.00,8983.65),(1822,13,NULL,'2025-09-01 17:26:53','2025-09-01 14:26:00','',NULL,'',28640.00,'efectivo',0,0.00,0.00,28640.00,29000.00,360.00,'moises',0.00,28640.00),(1823,14,139,'2025-09-01 17:36:42','2025-09-02 17:33:00','160 N2527 entre 25 y 26',NULL,'',96510.00,'factura',1,0.00,20267.10,116777.10,NULL,0.00,'pedidos',0.00,116777.10),(1825,13,NULL,'2025-09-01 18:02:23','2025-09-01 14:53:00','',NULL,'',55340.00,'efectivo',0,0.00,0.00,55340.00,56000.00,660.00,'elias',0.00,55340.00),(1826,13,NULL,'2025-09-01 18:30:18','2025-09-01 15:03:00','',NULL,'',29890.00,'efectivo',0,0.00,0.00,29890.00,30100.00,210.00,'martin',0.00,29890.00),(1827,13,NULL,'2025-09-01 18:36:45','2025-09-01 15:32:00','',NULL,'',10040.00,'transferencia',0,1054.20,0.00,11094.20,NULL,0.00,'martin',0.00,11094.20),(1829,13,NULL,'2025-09-01 18:42:10','2025-09-01 15:36:00','',NULL,'',169900.00,'efectivo',0,0.00,0.00,169900.00,170400.00,500.00,'elias',0.00,169900.00),(1830,13,NULL,'2025-09-01 18:45:57','2025-09-01 15:45:00','',NULL,'',15700.00,'efectivo',0,0.00,0.00,15700.00,15000.00,0.00,'martin',0.00,15700.00),(1831,13,NULL,'2025-09-01 18:49:51','2025-09-01 15:46:00','',NULL,'',17660.00,'efectivo',0,0.00,0.00,17660.00,18000.00,340.00,'elias',0.00,17660.00),(1832,14,106,'2025-09-01 18:51:03','2025-09-05 18:49:00','Mitre N1715 entre 17 y 18',NULL,'',152100.00,'efectivo',0,0.00,0.00,152100.00,0.00,0.00,'pedidos',0.00,152100.00),(1833,13,NULL,'2025-09-01 18:52:25','2025-09-01 15:51:00','',NULL,'',3180.00,'transferencia',0,333.90,0.00,3600.00,0.00,0.00,'martin',0.00,3600.00),(1834,13,NULL,'2025-09-01 19:09:17','2025-09-01 16:08:00','',NULL,'',16890.00,'efectivo',0,0.00,0.00,16890.00,20200.00,3310.00,'mauricio',0.00,16890.00),(1835,13,NULL,'2025-09-01 19:10:49','2025-09-01 16:09:00','',NULL,'',27960.00,'efectivo',0,0.00,0.00,27960.00,28300.00,340.00,'elias',0.00,27960.00),(1840,13,NULL,'2025-09-02 11:15:11','2025-09-02 08:14:00','',NULL,'',8990.00,'efectivo',0,0.00,0.00,9000.00,9000.00,0.00,'ardiles',0.00,9000.00),(1842,13,NULL,'2025-09-02 11:28:50','2025-09-02 08:28:00','',NULL,'',3310.00,'efectivo',0,0.00,0.00,3400.00,NULL,0.00,'martin',0.00,3400.00),(1843,13,NULL,'2025-09-02 11:29:27','2025-09-02 08:29:00','',NULL,'',15660.00,'efectivo',0,0.00,0.00,15700.00,15900.00,200.00,'martin',0.00,15700.00),(1844,13,NULL,'2025-09-02 11:55:03','2025-09-02 08:53:00','',NULL,'',20040.00,'efectivo',0,0.00,0.00,20100.00,20200.00,100.00,'elias',0.00,20100.00),(1845,13,NULL,'2025-09-02 11:57:54','2025-09-02 08:57:00','',NULL,'',7960.00,'efectivo',0,0.00,0.00,8000.00,8100.00,100.00,'elias',0.00,8000.00),(1846,13,NULL,'2025-09-02 12:04:16','2025-09-02 09:04:00','',NULL,'',11620.00,'efectivo',0,0.00,0.00,11700.00,NULL,0.00,'elias',0.00,11700.00),(1847,13,NULL,'2025-09-02 12:05:23','2025-09-02 09:04:00','',NULL,'',19680.00,'efectivo',0,0.00,0.00,19700.00,20000.00,300.00,'elias',0.00,19700.00),(1848,13,NULL,'2025-09-02 12:14:01','2025-09-02 09:06:00','',NULL,'',62190.00,'efectivo',0,0.00,0.00,62200.00,70000.00,7800.00,'elias',0.00,62200.00),(1849,13,NULL,'2025-09-02 12:21:39','2025-09-02 09:14:00','',NULL,'',26190.00,'efectivo',0,0.00,0.00,26200.00,26400.00,200.00,'elias',0.00,26200.00),(1850,13,NULL,'2025-09-02 12:22:17','2025-09-02 09:21:00','',NULL,'',980.00,'efectivo',0,0.00,0.00,1000.00,1000.00,0.00,'elias',0.00,1000.00),(1851,13,NULL,'2025-09-02 12:25:21','2025-09-02 09:22:00','',NULL,'',7760.00,'transferencia',0,814.80,0.00,8600.00,NULL,0.00,'elias',0.00,8600.00),(1853,13,NULL,'2025-09-02 12:29:07','2025-09-02 09:25:00','',NULL,'',6560.00,'efectivo',0,0.00,0.00,6600.00,10600.00,4000.00,'ardiles',0.00,6600.00),(1854,13,NULL,'2025-09-02 12:32:13','2025-09-02 09:29:00','',NULL,'',25790.00,'efectivo',0,0.00,0.00,25800.00,26000.00,200.00,'elias',0.00,25800.00),(1855,13,NULL,'2025-09-02 12:32:32','2025-09-02 09:32:00','',NULL,'',9660.00,'efectivo',0,0.00,0.00,9700.00,10000.00,300.00,'ardiles',0.00,9700.00),(1856,13,NULL,'2025-09-02 12:33:37','2025-09-02 09:33:00','',NULL,'',4420.00,'efectivo',0,0.00,0.00,4500.00,5000.00,500.00,'elias',0.00,4500.00),(1857,13,NULL,'2025-09-02 12:37:36','2025-09-02 09:37:00','',NULL,'',9070.00,'efectivo',0,0.00,0.00,9100.00,9100.00,0.00,'elias',0.00,9100.00),(1859,13,NULL,'2025-09-02 12:39:57','2025-09-02 09:39:00','',NULL,'',2940.00,'efectivo',0,0.00,0.00,3000.00,3000.00,0.00,'elias',0.00,3000.00),(1860,14,95,'2025-09-02 12:40:19','2025-09-03 12:33:00','AV 31 ENTRE 528 Y 529',NULL,'',338200.00,'efectivo',0,0.00,0.00,338200.00,0.00,0.00,'pedidos',0.00,338200.00),(1861,13,NULL,'2025-09-02 12:41:20','2025-09-02 09:40:00','',NULL,'',4620.00,'efectivo',0,0.00,0.00,4700.00,10000.00,5300.00,'ardiles',0.00,4700.00),(1864,13,NULL,'2025-09-02 12:42:53','2025-09-02 09:42:00','',NULL,'',3540.00,'efectivo',0,0.00,0.00,3600.00,4000.00,400.00,'ardiles',0.00,3600.00),(1865,13,NULL,'2025-09-02 12:50:10','2025-09-02 09:48:00','',NULL,'',34130.00,'efectivo',0,0.00,0.00,34200.00,34400.00,200.00,'elias',0.00,34200.00),(1866,13,NULL,'2025-09-02 12:52:15','2025-09-02 09:51:00','',NULL,'',3940.00,'efectivo',0,0.00,0.00,4000.00,4100.00,100.00,'elias',0.00,4000.00),(1867,13,NULL,'2025-09-02 12:52:55','2025-09-02 09:52:00','',NULL,'',25060.00,'efectivo',0,0.00,0.00,25100.00,25100.00,0.00,'ardiles',0.00,25100.00),(1868,14,285,'2025-09-02 12:54:37','2025-09-03 12:52:00','CALLE 118 N 1850 ENTRE DIAG 73 Y CALLE 70',NULL,'',120700.00,'efectivo',0,0.00,0.00,120700.00,0.00,0.00,'pedidos',0.00,120700.00),(1869,13,NULL,'2025-09-02 12:58:09','2025-09-02 09:57:00','',NULL,'',22790.00,'efectivo',0,0.00,0.00,22800.00,23200.00,400.00,'ardiles',0.00,22800.00),(1870,13,NULL,'2025-09-02 13:00:42','2025-09-02 10:00:00','',NULL,'',8590.00,'efectivo',0,0.00,0.00,8600.00,9000.00,400.00,'ardiles',0.00,8600.00),(1871,13,NULL,'2025-09-02 13:02:55','2025-09-02 10:02:00','',NULL,'',8340.00,'efectivo',0,0.00,0.00,8400.00,8400.00,0.00,'ardiles',0.00,8400.00),(1872,14,176,'2025-09-02 13:05:05','2025-09-03 13:02:00','no registrada',NULL,'',806100.00,'efectivo',0,0.00,0.00,806100.00,0.00,0.00,'pedidos',0.00,806100.00),(1873,13,NULL,'2025-09-02 13:07:29','2025-09-02 10:06:00','',NULL,'',11760.00,'efectivo',0,0.00,0.00,11800.00,12000.00,200.00,'ardiles',0.00,11800.00),(1874,13,NULL,'2025-09-02 13:12:03','2025-09-02 10:11:00','',NULL,'',3890.00,'transferencia',0,408.45,0.00,4300.00,NULL,0.00,'ardiles',0.00,4300.00),(1875,13,NULL,'2025-09-02 13:34:09','2025-09-02 10:30:00','',NULL,'',8570.00,'efectivo',0,0.00,0.00,8600.00,9000.00,400.00,'ardiles',0.00,8600.00),(1876,13,NULL,'2025-09-02 13:37:42','2025-09-02 10:35:00','',NULL,'',28300.00,'efectivo',0,0.00,0.00,28300.00,29000.02,700.02,'elias',0.00,28300.00),(1877,13,NULL,'2025-09-02 13:51:42','2025-09-02 10:50:00','',NULL,'',6050.00,'efectivo',0,0.00,0.00,6100.00,10000.00,3900.00,'elias',0.00,6100.00),(1878,14,108,'2025-09-02 13:54:10','2025-09-03 13:43:00','no registrada',NULL,'',268900.00,'efectivo',0,0.00,0.00,268900.00,0.00,0.00,'pedidos',0.00,268900.00),(1879,13,NULL,'2025-09-02 13:58:26','2025-09-02 10:58:00','',NULL,'',7490.00,'efectivo',0,0.00,0.00,7500.00,8000.00,500.00,'ardiles',0.00,7500.00),(1880,14,86,'2025-09-02 14:11:50','2025-09-03 14:00:00','no registrada',NULL,'',108270.00,'efectivo',0,0.00,0.00,108300.00,0.00,0.00,'pedidos',0.00,108300.00),(1881,13,NULL,'2025-09-02 14:17:28','2025-09-02 11:10:00','',NULL,'',25340.00,'efectivo',0,0.00,0.00,25400.00,26000.00,600.00,'elias',0.00,25400.00),(1882,13,NULL,'2025-09-02 14:18:55','2025-09-02 11:17:00','',NULL,'',21020.00,'transferencia',0,2207.10,0.00,23300.00,NULL,0.00,'elias',0.00,23300.00),(1883,13,NULL,'2025-09-02 14:20:29','2025-09-02 11:19:00','',NULL,'',3070.00,'efectivo',0,0.00,0.00,3100.00,3100.00,0.00,'ardiles',0.00,3100.00),(1884,13,NULL,'2025-09-02 14:22:15','2025-09-02 11:20:00','',NULL,'',5860.00,'efectivo',0,0.00,0.00,5900.00,5999.99,99.99,'elias',0.00,5900.00),(1885,13,NULL,'2025-09-02 14:27:45','2025-09-02 11:27:00','',NULL,'',1180.00,'efectivo',0,0.00,0.00,1200.00,NULL,0.00,'elias',0.00,1200.00),(1886,13,NULL,'2025-09-02 14:32:39','2025-09-02 11:30:00','',NULL,'',9620.00,'efectivo',0,0.00,0.00,9700.00,10000.00,300.00,'ardiles',0.00,9700.00),(1887,13,NULL,'2025-09-02 14:44:04','2025-09-02 11:43:00','',NULL,'',1630.00,'efectivo',0,0.00,0.00,1700.00,NULL,0.00,'elias',0.00,1700.00),(1888,14,529,'2025-09-02 14:45:58','2025-09-04 14:35:00','RODOLFO LOPEZ 1464 ESQ MARTIN RODRIGUEZ',NULL,'',92840.00,'efectivo',0,0.00,0.00,92900.00,0.00,0.00,'pedidos',0.00,92900.00),(1889,13,NULL,'2025-09-02 15:07:36','2025-09-02 12:07:00','',NULL,'',5810.00,'efectivo',0,0.00,0.00,5900.00,6000.00,100.00,'ardiles',0.00,5900.00),(1890,13,NULL,'2025-09-02 15:20:03','2025-09-02 12:19:00','',NULL,'',2390.00,'efectivo',0,0.00,0.00,2400.00,2500.00,100.00,'ardiles',0.00,2400.00),(1891,13,NULL,'2025-09-02 15:48:26','2025-09-02 12:47:00','',NULL,'',22920.00,'efectivo',0,0.00,0.00,23000.00,NULL,0.00,'elias',0.00,23000.00),(1892,13,NULL,'2025-09-02 15:59:08','2025-09-02 12:55:00','',NULL,'',4310.00,'efectivo',0,0.00,0.00,4400.00,4400.00,0.00,'martin',0.00,4400.00),(1893,13,NULL,'2025-09-02 17:02:59','2025-09-02 14:02:00','',NULL,'',13050.00,'transferencia',0,1370.25,0.00,14500.00,NULL,0.00,'martin',0.00,14500.00),(1894,14,211,'2025-09-02 17:06:44','2025-09-02 17:05:00','FELIPE AMOEDO NRO 1286 CASI BLAS PARERA',NULL,'',42400.00,'efectivo',0,0.00,0.00,42400.00,0.00,0.00,'pedidos',0.00,42400.00),(1895,13,NULL,'2025-09-02 17:19:52','2025-09-02 14:15:00','',NULL,'',16410.00,'efectivo',0,0.00,0.00,16500.00,16700.00,200.00,'elias',0.00,16500.00),(1896,14,113,'2025-09-02 17:29:09','2025-09-03 17:23:00','Diag 74 N2054 entre 15 y 16',NULL,'',0.00,'efectivo',0,0.00,0.00,0.00,0.00,0.00,'pedidos',0.00,0.00),(1897,13,NULL,'2025-09-02 17:48:16','2025-09-02 14:46:00','',NULL,'',22520.00,'efectivo',0,0.00,0.00,22600.00,22700.00,100.00,'martin',0.00,22600.00),(1898,13,NULL,'2025-09-02 18:08:29','2025-09-02 15:07:00','',NULL,'',37600.00,'efectivo',0,0.00,0.00,37600.00,0.00,0.00,'martin',0.00,37600.00);
/*!40000 ALTER TABLE `ventas` ENABLE KEYS */;
UNLOCK TABLES;
/*!40103 SET TIME_ZONE=@OLD_TIME_ZONE */;

/*!40101 SET SQL_MODE=@OLD_SQL_MODE */;
/*!40014 SET FOREIGN_KEY_CHECKS=@OLD_FOREIGN_KEY_CHECKS */;
/*!40014 SET UNIQUE_CHECKS=@OLD_UNIQUE_CHECKS */;
/*!40101 SET CHARACTER_SET_CLIENT=@OLD_CHARACTER_SET_CLIENT */;
/*!40101 SET CHARACTER_SET_RESULTS=@OLD_CHARACTER_SET_RESULTS */;
/*!40101 SET COLLATION_CONNECTION=@OLD_COLLATION_CONNECTION */;
/*!40111 SET SQL_NOTES=@OLD_SQL_NOTES */;

-- Dump completed on 2025-09-03  0:55:23
